DateTime,Date/Time,Year,Month,Day,Time,Temp (°C),Temp Flag,Dew Point Temp (°C),Dew Point Temp Flag,Rel Hum (%),Rel Hum Flag,Wind Dir (10s deg),Wind Dir Flag,Wind Spd (km/h),Wind Spd Flag,Visibility (km),Visibility Flag,Stn Press (kPa),Stn Press Flag,Hmdx,Hmdx Flag,Wind Chill,Wind Chill Flag,Weather
2015-09-01 00:00:00,2015-09-01 00:00,2015,9,1,00:00,19.5,,17.7,,89.0,,34.0,,11.0,,24.1,,99.68,,,,,,
2015-09-01 01:00:00,2015-09-01 01:00,2015,9,1,01:00,18.0,,17.4,,96.0,,34.0,,13.0,,1.2,,99.7,,,,,,Fog
2015-09-01 02:00:00,2015-09-01 02:00,2015,9,1,02:00,18.1,,17.6,,97.0,,36.0,,10.0,,1.6,,99.72,,,,,,Fog
2015-09-01 03:00:00,2015-09-01 03:00,2015,9,1,03:00,18.3,,17.8,,97.0,,2.0,,8.0,,3.6,,99.74,,,,,,Fog
2015-09-01 04:00:00,2015-09-01 04:00,2015,9,1,04:00,18.5,,17.9,,96.0,,33.0,,5.0,,3.2,,99.73,,,,,,Fog
2015-09-01 05:00:00,2015-09-01 05:00,2015,9,1,05:00,18.5,,17.7,,95.0,,36.0,,2.0,,3.6,,99.75,,,,,,Fog
2015-09-01 06:00:00,2015-09-01 06:00,2015,9,1,06:00,18.0,,17.4,,96.0,,29.0,,5.0,,2.4,,99.79,,,,,,Fog
2015-09-01 07:00:00,2015-09-01 07:00,2015,9,1,07:00,18.1,,17.5,,96.0,,29.0,,8.0,,4.8,,99.79,,,,,,Fog
2015-09-01 08:00:00,2015-09-01 08:00,2015,9,1,08:00,20.6,,17.5,,82.0,,27.0,,6.0,,19.3,,99.8,,26.0,,,,
2015-09-01 09:00:00,2015-09-01 09:00,2015,9,1,09:00,22.8,,17.8,,73.0,,27.0,,9.0,,19.3,,99.8,,29.0,,,,
2015-09-01 10:00:00,2015-09-01 10:00,2015,9,1,10:00,25.1,,18.9,,68.0,,24.0,,8.0,,19.3,,99.79,,32.0,,,,Clear
2015-09-01 11:00:00,2015-09-01 11:00,2015,9,1,11:00,26.8,,18.8,,61.0,,22.0,,11.0,,19.3,,99.75,,33.0,,,,
2015-09-01 12:00:00,2015-09-01 12:00,2015,9,1,12:00,26.0,,19.3,,66.0,,14.0,,14.0,,16.1,,99.71,,33.0,,,,
2015-09-01 13:00:00,2015-09-01 13:00,2015,9,1,13:00,27.6,,19.8,,62.0,,15.0,,12.0,,16.1,,99.66,,35.0,,,,Clear
2015-09-01 14:00:00,2015-09-01 14:00,2015,9,1,14:00,27.3,,19.5,,62.0,,15.0,,15.0,,16.1,,99.64,,34.0,,,,
2015-09-01 15:00:00,2015-09-01 15:00,2015,9,1,15:00,28.4,,19.8,,59.0,,14.0,,14.0,,16.1,,99.6,,36.0,,,,
2015-09-01 16:00:00,2015-09-01 16:00,2015,9,1,16:00,28.9,,20.0,,58.0,,17.0,,13.0,,16.1,,99.56,,36.0,,,,Clear
2015-09-01 17:00:00,2015-09-01 17:00,2015,9,1,17:00,27.8,,19.2,,59.0,,15.0,,16.0,,16.1,,99.55,,35.0,,,,
2015-09-01 18:00:00,2015-09-01 18:00,2015,9,1,18:00,26.8,,19.3,,63.0,,14.0,,9.0,,16.1,,99.56,,34.0,,,,
2015-09-01 19:00:00,2015-09-01 19:00,2015,9,1,19:00,26.2,,18.2,,61.0,,26.0,,11.0,,16.1,,99.57,,32.0,,,,Clear
2015-09-01 20:00:00,2015-09-01 20:00,2015,9,1,20:00,25.7,,18.5,,64.0,,28.0,,9.0,,16.1,,99.62,,32.0,,,,
2015-09-01 21:00:00,2015-09-01 21:00,2015,9,1,21:00,24.0,,18.7,,72.0,,28.0,,13.0,,16.1,,99.65,,31.0,,,,
2015-09-01 22:00:00,2015-09-01 22:00,2015,9,1,22:00,23.5,,18.0,,71.0,,30.0,,9.0,,19.3,,99.63,,30.0,,,,Clear
2015-09-01 23:00:00,2015-09-01 23:00,2015,9,1,23:00,22.0,,17.9,,77.0,,29.0,,8.0,,19.3,,99.66,,28.0,,,,
2015-09-02 00:00:00,2015-09-02 00:00,2015,9,2,00:00,21.3,,18.0,,81.0,,29.0,,9.0,,19.3,,99.68,,27.0,,,,
2015-09-02 01:00:00,2015-09-02 01:00,2015,9,2,01:00,21.0,,18.1,,83.0,,25.0,,5.0,,19.3,,99.68,,27.0,,,,Clear
2015-09-02 02:00:00,2015-09-02 02:00,2015,9,2,02:00,20.6,,17.5,,82.0,,33.0,,3.0,,19.3,,99.64,,26.0,,,,
2015-09-02 03:00:00,2015-09-02 03:00,2015,9,2,03:00,20.9,,17.6,,81.0,,30.0,,3.0,,16.1,,99.6,,27.0,,,,
2015-09-02 04:00:00,2015-09-02 04:00,2015,9,2,04:00,20.4,,17.3,,82.0,,36.0,,1.0,,16.1,,99.6,,26.0,,,,Mainly Clear
2015-09-02 05:00:00,2015-09-02 05:00,2015,9,2,05:00,20.8,,18.0,,84.0,,22.0,,6.0,,14.5,,99.61,,27.0,,,,
2015-09-02 06:00:00,2015-09-02 06:00,2015,9,2,06:00,21.1,,18.3,,84.0,,20.0,,3.0,,14.5,,99.63,,27.0,,,,
2015-09-02 07:00:00,2015-09-02 07:00,2015,9,2,07:00,22.1,,18.7,,81.0,,15.0,,5.0,,16.1,,99.65,,29.0,,,,Mainly Clear
2015-09-02 08:00:00,2015-09-02 08:00,2015,9,2,08:00,23.7,,19.5,,77.0,,26.0,,6.0,,16.1,,99.64,,31.0,,,,
2015-09-02 09:00:00,2015-09-02 09:00,2015,9,2,09:00,25.5,,20.2,,72.0,,24.0,,4.0,,16.1,,99.61,,33.0,,,,
2015-09-02 10:00:00,2015-09-02 10:00,2015,9,2,10:00,27.8,,20.8,,65.0,,27.0,,4.0,,16.1,,99.61,,36.0,,,,Mainly Clear
2015-09-02 11:00:00,2015-09-02 11:00,2015,9,2,11:00,30.2,,20.4,,55.0,,24.0,,10.0,,24.1,,99.55,,38.0,,,,
2015-09-02 12:00:00,2015-09-02 12:00,2015,9,2,12:00,31.3,,19.2,,48.0,,25.0,,19.0,,24.1,,99.47,,38.0,,,,
2015-09-02 13:00:00,2015-09-02 13:00,2015,9,2,13:00,32.2,,18.7,,44.0,,25.0,,16.0,,24.1,,99.43,,39.0,,,,Cloudy
2015-09-02 14:00:00,2015-09-02 14:00,2015,9,2,14:00,32.6,,19.1,,44.0,,30.0,,18.0,,24.1,,99.38,,39.0,,,,
2015-09-02 15:00:00,2015-09-02 15:00,2015,9,2,15:00,32.4,,18.9,,44.0,,27.0,,10.0,,24.1,,99.31,,39.0,,,,
2015-09-02 16:00:00,2015-09-02 16:00,2015,9,2,16:00,32.5,,19.3,,45.0,,27.0,,10.0,,24.1,,99.26,,40.0,,,,Mostly Cloudy
2015-09-02 17:00:00,2015-09-02 17:00,2015,9,2,17:00,29.3,,20.4,,58.0,,14.0,,12.0,,24.1,,99.23,,37.0,,,,
2015-09-02 18:00:00,2015-09-02 18:00,2015,9,2,18:00,28.2,,20.6,,63.0,,13.0,,7.0,,24.1,,99.2,,36.0,,,,
2015-09-02 19:00:00,2015-09-02 19:00,2015,9,2,19:00,27.3,,20.5,,66.0,,9.0,,3.0,,24.1,,99.21,,35.0,,,,Mostly Cloudy
2015-09-02 20:00:00,2015-09-02 20:00,2015,9,2,20:00,27.0,,20.5,,67.0,,3.0,,7.0,,24.1,,99.28,,35.0,,,,
2015-09-02 21:00:00,2015-09-02 21:00,2015,9,2,21:00,26.7,,20.4,,68.0,,1.0,,4.0,,24.1,,99.32,,35.0,,,,
2015-09-02 22:00:00,2015-09-02 22:00,2015,9,2,22:00,25.7,,20.4,,72.0,,31.0,,13.0,,24.1,,99.35,,34.0,,,,Mainly Clear
2015-09-02 23:00:00,2015-09-02 23:00,2015,9,2,23:00,24.8,,20.2,,75.0,,35.0,,11.0,,24.1,,99.29,,33.0,,,,
2015-09-03 00:00:00,2015-09-03 00:00,2015,9,3,00:00,24.5,,20.5,,78.0,,36.0,,7.0,,24.1,,99.29,,32.0,,,,
2015-09-03 01:00:00,2015-09-03 01:00,2015,9,3,01:00,23.9,,20.5,,81.0,,34.0,,12.0,,24.1,,99.28,,32.0,,,,Mostly Cloudy
2015-09-03 02:00:00,2015-09-03 02:00,2015,9,3,02:00,23.2,,20.8,,86.0,,33.0,,10.0,,24.1,,99.26,,31.0,,,,
2015-09-03 03:00:00,2015-09-03 03:00,2015,9,3,03:00,22.8,,21.1,,90.0,,33.0,,16.0,,24.1,,99.28,,31.0,,,,
2015-09-03 04:00:00,2015-09-03 04:00,2015,9,3,04:00,22.5,,21.2,,92.0,,35.0,,13.0,,24.1,,99.29,,31.0,,,,Mostly Cloudy
2015-09-03 05:00:00,2015-09-03 05:00,2015,9,3,05:00,21.6,,20.6,,94.0,,1.0,,10.0,,12.9,,99.3,,30.0,,,,
2015-09-03 06:00:00,2015-09-03 06:00,2015,9,3,06:00,21.5,,20.5,,94.0,,35.0,,10.0,,2.8,,99.33,,29.0,,,,Fog
2015-09-03 07:00:00,2015-09-03 07:00,2015,9,3,07:00,22.0,,21.2,,95.0,,36.0,,10.0,,4.0,,99.41,,31.0,,,,Fog
2015-09-03 08:00:00,2015-09-03 08:00,2015,9,3,08:00,23.5,,21.6,,89.0,,35.0,,13.0,,9.7,,99.4,,32.0,,,,Fog
2015-09-03 09:00:00,2015-09-03 09:00,2015,9,3,09:00,24.7,,21.5,,82.0,,32.0,,7.0,,9.7,,99.39,,34.0,,,,Fog
2015-09-03 10:00:00,2015-09-03 10:00,2015,9,3,10:00,25.8,,21.5,,77.0,,36.0,,2.0,,16.1,,99.4,,35.0,,,,Cloudy
2015-09-03 11:00:00,2015-09-03 11:00,2015,9,3,11:00,28.0,,21.4,,67.0,,29.0,,3.0,,16.1,,99.35,,37.0,,,,
2015-09-03 12:00:00,2015-09-03 12:00,2015,9,3,12:00,29.1,,20.7,,60.0,,15.0,,3.0,,16.1,,99.31,,37.0,,,,
2015-09-03 13:00:00,2015-09-03 13:00,2015,9,3,13:00,29.5,,22.1,,64.0,,14.0,,14.0,,16.1,,99.3,,39.0,,,,Cloudy
2015-09-03 14:00:00,2015-09-03 14:00,2015,9,3,14:00,29.1,,21.8,,64.0,,15.0,,15.0,,16.1,,99.28,,38.0,,,,
2015-09-03 15:00:00,2015-09-03 15:00,2015,9,3,15:00,28.9,,21.3,,63.0,,11.0,,25.0,,16.1,,99.2,,38.0,,,,Thunderstorms
2015-09-03 16:00:00,2015-09-03 16:00,2015,9,3,16:00,28.5,,21.2,,64.0,,14.0,,10.0,,16.1,,99.24,,37.0,,,,Mostly Cloudy
2015-09-03 17:00:00,2015-09-03 17:00,2015,9,3,17:00,27.1,,20.6,,67.0,,17.0,,9.0,,24.1,,99.37,,35.0,,,,
2015-09-03 18:00:00,2015-09-03 18:00,2015,9,3,18:00,22.9,,16.8,,68.0,,31.0,,22.0,,24.1,,99.42,,28.0,,,,
2015-09-03 19:00:00,2015-09-03 19:00,2015,9,3,19:00,22.4,,17.4,,73.0,,6.0,,8.0,,24.1,,99.33,,28.0,,,,Mostly Cloudy
2015-09-03 20:00:00,2015-09-03 20:00,2015,9,3,20:00,21.6,,18.1,,80.0,,1.0,,5.0,,24.1,,99.33,,28.0,,,,
2015-09-03 21:00:00,2015-09-03 21:00,2015,9,3,21:00,22.4,,17.8,,75.0,,35.0,,3.0,,24.1,,99.39,,28.0,,,,
2015-09-03 22:00:00,2015-09-03 22:00,2015,9,3,22:00,22.2,,17.8,,76.0,,3.0,,5.0,,24.1,,99.4,,28.0,,,,Mostly Cloudy
2015-09-03 23:00:00,2015-09-03 23:00,2015,9,3,23:00,22.2,,18.1,,77.0,,3.0,,7.0,,24.1,,99.48,,28.0,,,,
2015-09-04 00:00:00,2015-09-04 00:00,2015,9,4,00:00,22.0,,18.5,,80.0,,36.0,,1.0,,24.1,,99.52,,28.0,,,,
2015-09-04 01:00:00,2015-09-04 01:00,2015,9,4,01:00,22.9,,19.3,,80.0,,10.0,,10.0,,24.1,,99.51,,30.0,,,,Mostly Cloudy
2015-09-04 02:00:00,2015-09-04 02:00,2015,9,4,02:00,22.7,,19.7,,83.0,,9.0,,8.0,,24.1,,99.53,,30.0,,,,
2015-09-04 03:00:00,2015-09-04 03:00,2015,9,4,03:00,22.6,,20.2,,86.0,,7.0,,10.0,,24.1,,99.6,,30.0,,,,
2015-09-04 04:00:00,2015-09-04 04:00,2015,9,4,04:00,22.3,,20.3,,88.0,,8.0,,14.0,,24.1,,99.63,,30.0,,,,Mostly Cloudy
2015-09-04 05:00:00,2015-09-04 05:00,2015,9,4,05:00,21.6,,18.6,,83.0,,8.0,,8.0,,24.1,,99.67,,28.0,,,,
2015-09-04 06:00:00,2015-09-04 06:00,2015,9,4,06:00,21.5,,18.2,,81.0,,8.0,,11.0,,24.1,,99.73,,28.0,,,,
2015-09-04 07:00:00,2015-09-04 07:00,2015,9,4,07:00,22.3,,17.5,,74.0,,7.0,,17.0,,24.1,,99.78,,28.0,,,,Mostly Cloudy
2015-09-04 08:00:00,2015-09-04 08:00,2015,9,4,08:00,23.7,,17.6,,68.0,,9.0,,10.0,,24.1,,99.81,,29.0,,,,
2015-09-04 09:00:00,2015-09-04 09:00,2015,9,4,09:00,24.9,,17.3,,62.0,,11.0,,18.0,,24.1,,99.85,,30.0,,,,
2015-09-04 10:00:00,2015-09-04 10:00,2015,9,4,10:00,25.7,,17.2,,59.0,,10.0,,17.0,,24.1,,99.89,,31.0,,,,Mostly Cloudy
2015-09-04 11:00:00,2015-09-04 11:00,2015,9,4,11:00,25.9,,18.0,,61.0,,8.0,,23.0,,24.1,,99.91,,32.0,,,,
2015-09-04 12:00:00,2015-09-04 12:00,2015,9,4,12:00,26.6,,17.3,,56.0,,9.0,,23.0,,24.1,,99.89,,32.0,,,,
2015-09-04 13:00:00,2015-09-04 13:00,2015,9,4,13:00,27.0,,14.6,,46.0,,10.0,,27.0,,24.1,,99.88,,31.0,,,,Mainly Clear
2015-09-04 14:00:00,2015-09-04 14:00,2015,9,4,14:00,27.2,,11.1,,36.0,,10.0,,22.0,,24.1,,99.87,,29.0,,,,
2015-09-04 15:00:00,2015-09-04 15:00,2015,9,4,15:00,27.2,,10.7,,35.0,,10.0,,25.0,,24.1,,99.85,,29.0,,,,
2015-09-04 16:00:00,2015-09-04 16:00,2015,9,4,16:00,26.8,,10.3,,35.0,,8.0,,22.0,,24.1,,99.85,,28.0,,,,Mainly Clear
2015-09-04 17:00:00,2015-09-04 17:00,2015,9,4,17:00,26.1,,10.5,,37.0,,9.0,,12.0,,24.1,,99.87,,28.0,,,,
2015-09-04 18:00:00,2015-09-04 18:00,2015,9,4,18:00,24.9,,11.7,,43.0,,8.0,,16.0,,24.1,,99.85,,27.0,,,,
2015-09-04 19:00:00,2015-09-04 19:00,2015,9,4,19:00,23.9,,9.7,,40.0,,9.0,,15.0,,24.1,,99.91,,25.0,,,,Clear
2015-09-04 20:00:00,2015-09-04 20:00,2015,9,4,20:00,23.0,,9.6,,42.0,,8.0,,12.0,,24.1,,99.98,,,,,,
2015-09-04 21:00:00,2015-09-04 21:00,2015,9,4,21:00,22.5,,11.7,,50.0,,9.0,,10.0,,24.1,,100.01,,25.0,,,,
2015-09-04 22:00:00,2015-09-04 22:00,2015,9,4,22:00,22.6,,13.0,,54.0,,10.0,,13.0,,24.1,,100.04,,25.0,,,,Clear
2015-09-04 23:00:00,2015-09-04 23:00,2015,9,4,23:00,22.3,,14.8,,62.0,,9.0,,13.0,,24.1,,100.0,,26.0,,,,
2015-09-05 00:00:00,2015-09-05 00:00,2015,9,5,00:00,21.8,,13.0,,57.0,,10.0,,12.0,,24.1,,99.95,,25.0,,,,
2015-09-05 01:00:00,2015-09-05 01:00,2015,9,5,01:00,21.3,,14.6,,65.0,,8.0,,8.0,,24.1,,99.97,,25.0,,,,Clear
2015-09-05 02:00:00,2015-09-05 02:00,2015,9,5,02:00,20.8,,15.7,,72.0,,8.0,,7.0,,24.1,,99.97,,25.0,,,,
2015-09-05 03:00:00,2015-09-05 03:00,2015,9,5,03:00,20.5,,16.2,,76.0,,7.0,,8.0,,24.1,,99.96,,25.0,,,,
2015-09-05 04:00:00,2015-09-05 04:00,2015,9,5,04:00,19.8,,16.3,,80.0,,7.0,,5.0,,24.1,,100.0,,,,,,Clear
2015-09-05 05:00:00,2015-09-05 05:00,2015,9,5,05:00,19.9,,16.6,,81.0,,7.0,,6.0,,24.1,,100.03,,,,,,
2015-09-05 06:00:00,2015-09-05 06:00,2015,9,5,06:00,19.3,,16.2,,82.0,,6.0,,7.0,,24.1,,100.06,,,,,,
2015-09-05 07:00:00,2015-09-05 07:00,2015,9,5,07:00,20.5,,16.2,,76.0,,5.0,,9.0,,24.1,,100.07,,25.0,,,,Mostly Cloudy
2015-09-05 08:00:00,2015-09-05 08:00,2015,9,5,08:00,22.2,,17.4,,74.0,,12.0,,7.0,,24.1,,100.11,,28.0,,,,
2015-09-05 09:00:00,2015-09-05 09:00,2015,9,5,09:00,24.0,,19.0,,73.0,,12.0,,8.0,,24.1,,100.11,,31.0,,,,
2015-09-05 10:00:00,2015-09-05 10:00,2015,9,5,10:00,24.9,,19.4,,71.0,,16.0,,7.0,,24.1,,100.13,,32.0,,,,Clear
2015-09-05 11:00:00,2015-09-05 11:00,2015,9,5,11:00,25.8,,19.3,,67.0,,14.0,,8.0,,24.1,,100.09,,33.0,,,,
2015-09-05 12:00:00,2015-09-05 12:00,2015,9,5,12:00,27.7,,19.7,,61.0,,14.0,,13.0,,24.1,,100.03,,35.0,,,,
2015-09-05 13:00:00,2015-09-05 13:00,2015,9,5,13:00,28.6,,19.7,,58.0,,19.0,,17.0,,24.1,,100.0,,36.0,,,,Clear
2015-09-05 14:00:00,2015-09-05 14:00,2015,9,5,14:00,29.1,,20.5,,59.0,,15.0,,15.0,,24.1,,99.96,,37.0,,,,
2015-09-05 15:00:00,2015-09-05 15:00,2015,9,5,15:00,29.0,,19.8,,57.0,,15.0,,16.0,,24.1,,99.89,,36.0,,,,
2015-09-05 16:00:00,2015-09-05 16:00,2015,9,5,16:00,28.1,,19.8,,60.0,,15.0,,17.0,,24.1,,99.9,,36.0,,,,Clear
2015-09-05 17:00:00,2015-09-05 17:00,2015,9,5,17:00,26.7,,20.2,,67.0,,15.0,,16.0,,24.1,,99.88,,34.0,,,,
2015-09-05 18:00:00,2015-09-05 18:00,2015,9,5,18:00,25.0,,19.9,,73.0,,14.0,,15.0,,24.1,,99.87,,32.0,,,,
2015-09-05 19:00:00,2015-09-05 19:00,2015,9,5,19:00,23.9,,20.1,,79.0,,13.0,,13.0,,24.1,,99.89,,32.0,,,,Clear
2015-09-05 20:00:00,2015-09-05 20:00,2015,9,5,20:00,23.7,,20.3,,81.0,,12.0,,13.0,,24.1,,99.92,,32.0,,,,
2015-09-05 21:00:00,2015-09-05 21:00,2015,9,5,21:00,23.8,,20.4,,81.0,,13.0,,10.0,,19.3,,99.97,,32.0,,,,
2015-09-05 22:00:00,2015-09-05 22:00,2015,9,5,22:00,23.6,,20.8,,84.0,,14.0,,7.0,,19.3,,99.94,,32.0,,,,Clear
2015-09-05 23:00:00,2015-09-05 23:00,2015,9,5,23:00,23.1,,20.9,,87.0,,17.0,,3.0,,19.3,,99.92,,31.0,,,,
2015-09-06 00:00:00,2015-09-06 00:00,2015,9,6,00:00,22.9,,20.8,,88.0,,14.0,,5.0,,16.1,,99.9,,31.0,,,,
2015-09-06 01:00:00,2015-09-06 01:00,2015,9,6,01:00,22.4,,20.7,,90.0,,26.0,,4.0,,16.1,,99.91,,31.0,,,,Mostly Cloudy
2015-09-06 02:00:00,2015-09-06 02:00,2015,9,6,02:00,22.1,,20.2,,89.0,,28.0,,5.0,,16.1,,99.88,,30.0,,,,
2015-09-06 03:00:00,2015-09-06 03:00,2015,9,6,03:00,21.4,,19.5,,89.0,,22.0,,7.0,,19.3,,99.87,,29.0,,,,
2015-09-06 04:00:00,2015-09-06 04:00,2015,9,6,04:00,21.6,,19.2,,86.0,,17.0,,4.0,,24.1,,99.86,,29.0,,,,Clear
2015-09-06 05:00:00,2015-09-06 05:00,2015,9,6,05:00,20.6,,18.2,,86.0,,23.0,,4.0,,24.1,,99.89,,27.0,,,,
2015-09-06 06:00:00,2015-09-06 06:00,2015,9,6,06:00,19.9,,17.9,,88.0,,24.0,,10.0,,19.3,,99.91,,,,,,
2015-09-06 07:00:00,2015-09-06 07:00,2015,9,6,07:00,21.9,,19.3,,85.0,,25.0,,10.0,,24.1,,99.92,,29.0,,,,Mainly Clear
2015-09-06 08:00:00,2015-09-06 08:00,2015,9,6,08:00,23.6,,18.6,,73.0,,23.0,,10.0,,24.1,,99.95,,30.0,,,,
2015-09-06 09:00:00,2015-09-06 09:00,2015,9,6,09:00,25.9,,19.0,,65.0,,22.0,,12.0,,24.1,,99.97,,33.0,,,,
2015-09-06 10:00:00,2015-09-06 10:00,2015,9,6,10:00,27.7,,19.4,,60.0,,26.0,,11.0,,24.1,,99.91,,35.0,,,,Clear
2015-09-06 11:00:00,2015-09-06 11:00,2015,9,6,11:00,29.5,,19.4,,54.0,,26.0,,16.0,,24.1,,99.92,,37.0,,,,
2015-09-06 12:00:00,2015-09-06 12:00,2015,9,6,12:00,29.4,,19.0,,53.0,,27.0,,16.0,,24.1,,99.9,,36.0,,,,
2015-09-06 13:00:00,2015-09-06 13:00,2015,9,6,13:00,29.8,,20.0,,55.0,,26.0,,15.0,,24.1,,99.87,,37.0,,,,Mainly Clear
2015-09-06 14:00:00,2015-09-06 14:00,2015,9,6,14:00,31.2,,19.1,,48.0,,25.0,,16.0,,24.1,,99.8,,38.0,,,,
2015-09-06 15:00:00,2015-09-06 15:00,2015,9,6,15:00,30.1,,19.1,,51.0,,27.0,,21.0,,24.1,,99.75,,37.0,,,,
2015-09-06 16:00:00,2015-09-06 16:00,2015,9,6,16:00,30.5,,17.8,,46.0,,27.0,,14.0,,24.1,,99.72,,36.0,,,,Mostly Cloudy
2015-09-06 17:00:00,2015-09-06 17:00,2015,9,6,17:00,30.6,,19.2,,50.0,,26.0,,17.0,,24.1,,99.69,,38.0,,,,
2015-09-06 18:00:00,2015-09-06 18:00,2015,9,6,18:00,29.2,,19.4,,55.0,,25.0,,17.0,,24.1,,99.66,,36.0,,,,
2015-09-06 19:00:00,2015-09-06 19:00,2015,9,6,19:00,27.2,,19.7,,63.0,,26.0,,11.0,,24.1,,99.66,,35.0,,,,Mostly Cloudy
2015-09-06 20:00:00,2015-09-06 20:00,2015,9,6,20:00,26.9,,19.7,,64.0,,24.0,,8.0,,24.1,,99.64,,34.0,,,,
2015-09-06 21:00:00,2015-09-06 21:00,2015,9,6,21:00,27.0,,19.8,,64.0,,18.0,,8.0,,24.1,,99.66,,34.0,,,,
2015-09-06 22:00:00,2015-09-06 22:00,2015,9,6,22:00,26.3,,19.6,,66.0,,23.0,,15.0,,24.1,,99.63,,34.0,,,,Mostly Cloudy
2015-09-06 23:00:00,2015-09-06 23:00,2015,9,6,23:00,24.8,,19.9,,74.0,,25.0,,13.0,,24.1,,99.64,,32.0,,,,
2015-09-07 00:00:00,2015-09-07 00:00,2015,9,7,00:00,23.8,,19.8,,78.0,,25.0,,12.0,,24.1,,99.62,,31.0,,,,
2015-09-07 01:00:00,2015-09-07 01:00,2015,9,7,01:00,23.3,,19.7,,80.0,,25.0,,12.0,,24.1,,99.57,,31.0,,,,Mostly Cloudy
2015-09-07 02:00:00,2015-09-07 02:00,2015,9,7,02:00,22.7,,19.3,,81.0,,25.0,,8.0,,24.1,,99.54,,30.0,,,,
2015-09-07 03:00:00,2015-09-07 03:00,2015,9,7,03:00,21.8,,19.0,,84.0,,24.0,,11.0,,24.1,,99.54,,29.0,,,,
2015-09-07 04:00:00,2015-09-07 04:00,2015,9,7,04:00,21.7,,18.4,,81.0,,25.0,,12.0,,24.1,,99.52,,28.0,,,,Clear
2015-09-07 05:00:00,2015-09-07 05:00,2015,9,7,05:00,21.2,,18.1,,82.0,,25.0,,10.0,,24.1,,99.56,,27.0,,,,
2015-09-07 06:00:00,2015-09-07 06:00,2015,9,7,06:00,22.2,,18.1,,77.0,,21.0,,9.0,,24.1,,99.57,,28.0,,,,
2015-09-07 07:00:00,2015-09-07 07:00,2015,9,7,07:00,23.6,,19.0,,75.0,,20.0,,8.0,,24.1,,99.58,,30.0,,,,Mainly Clear
2015-09-07 08:00:00,2015-09-07 08:00,2015,9,7,08:00,25.7,,20.2,,71.0,,25.0,,13.0,,24.1,,99.59,,33.0,,,,
2015-09-07 09:00:00,2015-09-07 09:00,2015,9,7,09:00,28.1,,20.3,,62.0,,24.0,,16.0,,24.1,,99.57,,36.0,,,,
2015-09-07 10:00:00,2015-09-07 10:00,2015,9,7,10:00,30.0,,19.6,,53.0,,23.0,,25.0,,24.1,,99.56,,37.0,,,,Mainly Clear
2015-09-07 11:00:00,2015-09-07 11:00,2015,9,7,11:00,31.4,,20.0,,50.0,,24.0,,21.0,,24.1,,99.51,,39.0,,,,
2015-09-07 12:00:00,2015-09-07 12:00,2015,9,7,12:00,32.5,,19.7,,46.0,,25.0,,32.0,,24.1,,99.45,,40.0,,,,
2015-09-07 13:00:00,2015-09-07 13:00,2015,9,7,13:00,33.3,,20.0,,45.0,,26.0,,25.0,,24.1,,99.41,,41.0,,,,Mostly Cloudy
2015-09-07 14:00:00,2015-09-07 14:00,2015,9,7,14:00,32.7,,19.8,,46.0,,25.0,,28.0,,24.1,,99.33,,40.0,,,,
2015-09-07 15:00:00,2015-09-07 15:00,2015,9,7,15:00,33.5,,19.5,,43.0,,25.0,,27.0,,24.1,,99.29,,41.0,,,,
2015-09-07 16:00:00,2015-09-07 16:00,2015,9,7,16:00,32.4,,18.9,,44.0,,24.0,,28.0,,24.1,,99.24,,39.0,,,,Mostly Cloudy
2015-09-07 17:00:00,2015-09-07 17:00,2015,9,7,17:00,30.5,,21.5,,58.0,,27.0,,13.0,,24.1,,99.24,,39.0,,,,
2015-09-07 18:00:00,2015-09-07 18:00,2015,9,7,18:00,29.7,,21.0,,59.0,,25.0,,23.0,,24.1,,99.24,,38.0,,,,
2015-09-07 19:00:00,2015-09-07 19:00,2015,9,7,19:00,28.6,,20.5,,61.0,,23.0,,18.0,,19.3,,99.27,,37.0,,,,Mostly Cloudy
2015-09-07 20:00:00,2015-09-07 20:00,2015,9,7,20:00,27.5,,20.7,,66.0,,27.0,,19.0,,24.1,,99.37,,36.0,,,,
2015-09-07 21:00:00,2015-09-07 21:00,2015,9,7,21:00,26.6,,19.6,,65.0,,27.0,,14.0,,24.1,,99.41,,34.0,,,,
2015-09-07 22:00:00,2015-09-07 22:00,2015,9,7,22:00,26.5,,19.0,,63.0,,30.0,,17.0,,24.1,,99.39,,33.0,,,,Mostly Cloudy
2015-09-07 23:00:00,2015-09-07 23:00,2015,9,7,23:00,25.7,,19.2,,67.0,,29.0,,14.0,,24.1,,99.43,,33.0,,,,Rain Showers
2015-09-08 00:00:00,2015-09-08 00:00,2015,9,8,00:00,24.9,,19.4,,71.0,,29.0,,5.0,,24.1,,99.45,,32.0,,,,
2015-09-08 01:00:00,2015-09-08 01:00,2015,9,8,01:00,25.2,,19.5,,70.0,,31.0,,12.0,,24.1,,99.45,,32.0,,,,Mostly Cloudy
2015-09-08 02:00:00,2015-09-08 02:00,2015,9,8,02:00,24.2,,20.2,,78.0,,28.0,,12.0,,24.1,,99.45,,32.0,,,,
2015-09-08 03:00:00,2015-09-08 03:00,2015,9,8,03:00,23.9,,20.3,,80.0,,27.0,,5.0,,24.1,,99.43,,32.0,,,,
2015-09-08 04:00:00,2015-09-08 04:00,2015,9,8,04:00,23.7,,20.1,,80.0,,25.0,,7.0,,24.1,,99.44,,31.0,,,,Cloudy
2015-09-08 05:00:00,2015-09-08 05:00,2015,9,8,05:00,22.6,,21.3,,92.0,,22.0,,12.0,,16.1,,99.45,,31.0,,,,Rain Showers
2015-09-08 06:00:00,2015-09-08 06:00,2015,9,8,06:00,22.1,,21.3,,95.0,,24.0,,9.0,,12.9,,99.49,,31.0,,,,
2015-09-08 07:00:00,2015-09-08 07:00,2015,9,8,07:00,23.0,,21.5,,91.0,,24.0,,3.0,,12.9,,99.5,,32.0,,,,Rain
2015-09-08 08:00:00,2015-09-08 08:00,2015,9,8,08:00,23.2,,21.3,,89.0,,21.0,,9.0,,12.9,,99.47,,32.0,,,,Rain
2015-09-08 09:00:00,2015-09-08 09:00,2015,9,8,09:00,23.6,,21.4,,87.0,,22.0,,9.0,,19.3,,99.44,,32.0,,,,
2015-09-08 10:00:00,2015-09-08 10:00,2015,9,8,10:00,24.2,,21.8,,86.0,,19.0,,8.0,,24.1,,99.4,,33.0,,,,Cloudy
2015-09-08 11:00:00,2015-09-08 11:00,2015,9,8,11:00,25.2,,21.2,,78.0,,19.0,,9.0,,24.1,,99.35,,34.0,,,,
2015-09-08 12:00:00,2015-09-08 12:00,2015,9,8,12:00,25.8,,22.2,,80.0,,15.0,,12.0,,24.1,,99.29,,35.0,,,,
2015-09-08 13:00:00,2015-09-08 13:00,2015,9,8,13:00,27.9,,21.8,,69.0,,14.0,,10.0,,24.1,,99.22,,37.0,,,,Mostly Cloudy
2015-09-08 14:00:00,2015-09-08 14:00,2015,9,8,14:00,28.7,,22.1,,67.0,,15.0,,17.0,,24.1,,99.12,,38.0,,,,
2015-09-08 15:00:00,2015-09-08 15:00,2015,9,8,15:00,26.5,,21.8,,75.0,,17.0,,17.0,,24.1,,99.04,,36.0,,,,
2015-09-08 16:00:00,2015-09-08 16:00,2015,9,8,16:00,26.4,,21.7,,75.0,,14.0,,14.0,,24.1,,98.98,,35.0,,,,Mostly Cloudy
2015-09-08 17:00:00,2015-09-08 17:00,2015,9,8,17:00,27.3,,22.1,,73.0,,15.0,,12.0,,24.1,,98.98,,37.0,,,,
2015-09-08 18:00:00,2015-09-08 18:00,2015,9,8,18:00,27.5,,21.7,,70.0,,15.0,,9.0,,24.1,,98.96,,37.0,,,,
2015-09-08 19:00:00,2015-09-08 19:00,2015,9,8,19:00,28.3,,19.4,,58.0,,21.0,,13.0,,19.3,,98.95,,35.0,,,,Mostly Cloudy
2015-09-08 20:00:00,2015-09-08 20:00,2015,9,8,20:00,27.5,,19.2,,60.0,,20.0,,16.0,,24.1,,98.93,,34.0,,,,
2015-09-08 21:00:00,2015-09-08 21:00,2015,9,8,21:00,26.7,,19.2,,63.0,,18.0,,12.0,,24.1,,98.93,,34.0,,,,
2015-09-08 22:00:00,2015-09-08 22:00,2015,9,8,22:00,25.5,,19.7,,70.0,,18.0,,12.0,,24.1,,98.89,,33.0,,,,Mostly Cloudy
2015-09-08 23:00:00,2015-09-08 23:00,2015,9,8,23:00,25.1,,20.0,,73.0,,19.0,,12.0,,24.1,,98.86,,33.0,,,,
2015-09-09 00:00:00,2015-09-09 00:00,2015,9,9,00:00,25.0,,19.9,,73.0,,20.0,,13.0,,24.1,,98.82,,32.0,,,,
2015-09-09 01:00:00,2015-09-09 01:00,2015,9,9,01:00,25.3,,19.8,,71.0,,20.0,,16.0,,24.1,,98.75,,33.0,,,,Mainly Clear
2015-09-09 02:00:00,2015-09-09 02:00,2015,9,9,02:00,25.0,,19.9,,73.0,,26.0,,20.0,,24.1,,98.79,,32.0,,,,
2015-09-09 03:00:00,2015-09-09 03:00,2015,9,9,03:00,24.7,,19.6,,73.0,,29.0,,17.0,,24.1,,98.8,,32.0,,,,
2015-09-09 04:00:00,2015-09-09 04:00,2015,9,9,04:00,23.5,,19.5,,78.0,,24.0,,9.0,,24.1,,98.79,,31.0,,,,Mostly Cloudy
2015-09-09 05:00:00,2015-09-09 05:00,2015,9,9,05:00,23.7,,19.5,,77.0,,22.0,,10.0,,24.1,,98.78,,31.0,,,,
2015-09-09 06:00:00,2015-09-09 06:00,2015,9,9,06:00,23.2,,19.6,,80.0,,26.0,,15.0,,24.1,,98.88,,30.0,,,,
2015-09-09 07:00:00,2015-09-09 07:00,2015,9,9,07:00,20.9,,19.1,,89.0,,34.0,,19.0,,24.1,,98.97,,28.0,,,,Rain Showers
2015-09-09 08:00:00,2015-09-09 08:00,2015,9,9,08:00,20.2,,18.4,,89.0,,31.0,,11.0,,16.1,,99.04,,27.0,,,,Moderate Rain Showers
2015-09-09 09:00:00,2015-09-09 09:00,2015,9,9,09:00,21.1,,18.7,,86.0,,31.0,,18.0,,24.1,,99.08,,28.0,,,,
2015-09-09 10:00:00,2015-09-09 10:00,2015,9,9,10:00,21.7,,18.6,,82.0,,31.0,,19.0,,24.1,,99.14,,28.0,,,,Cloudy
2015-09-09 11:00:00,2015-09-09 11:00,2015,9,9,11:00,22.1,,17.7,,76.0,,31.0,,19.0,,24.1,,99.12,,28.0,,,,
2015-09-09 12:00:00,2015-09-09 12:00,2015,9,9,12:00,23.7,,16.6,,64.0,,31.0,,20.0,,24.1,,99.13,,29.0,,,,
2015-09-09 13:00:00,2015-09-09 13:00,2015,9,9,13:00,23.8,,17.2,,66.0,,31.0,,16.0,,24.1,,99.15,,29.0,,,,Mostly Cloudy
2015-09-09 14:00:00,2015-09-09 14:00,2015,9,9,14:00,24.7,,16.3,,59.0,,31.0,,18.0,,24.1,,99.14,,30.0,,,,
2015-09-09 15:00:00,2015-09-09 15:00,2015,9,9,15:00,24.2,,15.0,,56.0,,31.0,,22.0,,24.1,,99.13,,28.0,,,,
2015-09-09 16:00:00,2015-09-09 16:00,2015,9,9,16:00,24.0,,14.3,,54.0,,30.0,,21.0,,24.1,,99.13,,28.0,,,,Mostly Cloudy
2015-09-09 17:00:00,2015-09-09 17:00,2015,9,9,17:00,23.5,,13.8,,54.0,,31.0,,21.0,,24.1,,99.14,,27.0,,,,
2015-09-09 18:00:00,2015-09-09 18:00,2015,9,9,18:00,22.3,,11.5,,50.0,,33.0,,22.0,,24.1,,99.2,,,,,,
2015-09-09 19:00:00,2015-09-09 19:00,2015,9,9,19:00,19.8,,9.5,,51.0,,31.0,,20.0,,24.1,,99.26,,,,,,Mostly Cloudy
2015-09-09 20:00:00,2015-09-09 20:00,2015,9,9,20:00,19.2,,8.4,,49.0,,32.0,,21.0,,24.1,,99.32,,,,,,
2015-09-09 21:00:00,2015-09-09 21:00,2015,9,9,21:00,18.6,,8.4,,51.0,,32.0,,19.0,,24.1,,99.36,,,,,,
2015-09-09 22:00:00,2015-09-09 22:00,2015,9,9,22:00,18.0,,8.7,,54.0,,31.0,,13.0,,24.1,,99.38,,,,,,Mostly Cloudy
2015-09-09 23:00:00,2015-09-09 23:00,2015,9,9,23:00,17.1,,8.6,,57.0,,31.0,,13.0,,24.1,,99.41,,,,,,
2015-09-10 00:00:00,2015-09-10 00:00,2015,9,10,00:00,15.9,,8.9,,63.0,,32.0,,13.0,,24.1,,99.41,,,,,,
2015-09-10 01:00:00,2015-09-10 01:00,2015,9,10,01:00,15.7,,9.2,,65.0,,33.0,,16.0,,24.1,,99.42,,,,,,Mainly Clear
2015-09-10 02:00:00,2015-09-10 02:00,2015,9,10,02:00,15.0,,9.0,,67.0,,32.0,,19.0,,24.1,,99.43,,,,,,
2015-09-10 03:00:00,2015-09-10 03:00,2015,9,10,03:00,14.2,,8.7,,69.0,,33.0,,12.0,,24.1,,99.43,,,,,,
2015-09-10 04:00:00,2015-09-10 04:00,2015,9,10,04:00,14.1,,8.3,,68.0,,34.0,,12.0,,24.1,,99.42,,,,,,Mainly Clear
2015-09-10 05:00:00,2015-09-10 05:00,2015,9,10,05:00,13.7,,8.4,,70.0,,36.0,,3.0,,24.1,,99.41,,,,,,
2015-09-10 06:00:00,2015-09-10 06:00,2015,9,10,06:00,13.9,,8.4,,69.0,,33.0,,7.0,,24.1,,99.45,,,,,,
2015-09-10 07:00:00,2015-09-10 07:00,2015,9,10,07:00,14.9,,8.9,,67.0,,1.0,,9.0,,24.1,,99.47,,,,,,Mostly Cloudy
2015-09-10 08:00:00,2015-09-10 08:00,2015,9,10,08:00,17.7,,9.7,,59.0,,4.0,,6.0,,24.1,,99.46,,,,,,
2015-09-10 09:00:00,2015-09-10 09:00,2015,9,10,09:00,21.0,,9.7,,48.0,,7.0,,11.0,,24.1,,99.42,,,,,,
2015-09-10 10:00:00,2015-09-10 10:00,2015,9,10,10:00,22.0,,8.7,,42.0,,7.0,,5.0,,24.1,,99.43,,,,,,Mainly Clear
2015-09-10 11:00:00,2015-09-10 11:00,2015,9,10,11:00,22.4,,7.9,,39.0,,13.0,,13.0,,24.1,,99.43,,,,,,
2015-09-10 12:00:00,2015-09-10 12:00,2015,9,10,12:00,22.9,,6.8,,35.0,,14.0,,19.0,,24.1,,99.35,,,,,,
2015-09-10 13:00:00,2015-09-10 13:00,2015,9,10,13:00,22.7,,7.5,,37.0,,15.0,,19.0,,24.1,,99.31,,,,,,Mainly Clear
2015-09-10 14:00:00,2015-09-10 14:00,2015,9,10,14:00,22.5,,7.7,,38.0,,15.0,,11.0,,24.1,,99.26,,,,,,
2015-09-10 15:00:00,2015-09-10 15:00,2015,9,10,15:00,22.8,,8.3,,39.0,,9.0,,10.0,,24.1,,99.21,,,,,,
2015-09-10 16:00:00,2015-09-10 16:00,2015,9,10,16:00,23.1,,8.2,,38.0,,14.0,,11.0,,24.1,,99.19,,,,,,Mostly Cloudy
2015-09-10 17:00:00,2015-09-10 17:00,2015,9,10,17:00,22.6,,8.1,,39.0,,13.0,,15.0,,24.1,,99.17,,,,,,
2015-09-10 18:00:00,2015-09-10 18:00,2015,9,10,18:00,21.2,,8.6,,44.0,,12.0,,9.0,,24.1,,99.15,,,,,,
2015-09-10 19:00:00,2015-09-10 19:00,2015,9,10,19:00,20.2,,9.6,,50.0,,16.0,,7.0,,24.1,,99.15,,,,,,Mostly Cloudy
2015-09-10 20:00:00,2015-09-10 20:00,2015,9,10,20:00,19.4,,10.2,,55.0,,13.0,,7.0,,24.1,,99.15,,,,,,
2015-09-10 21:00:00,2015-09-10 21:00,2015,9,10,21:00,19.4,,11.0,,58.0,,16.0,,3.0,,24.1,,99.18,,,,,,
2015-09-10 22:00:00,2015-09-10 22:00,2015,9,10,22:00,18.5,,11.2,,62.0,,22.0,,3.0,,24.1,,99.17,,,,,,Mainly Clear
2015-09-10 23:00:00,2015-09-10 23:00,2015,9,10,23:00,18.2,,11.4,,64.0,,19.0,,3.0,,24.1,,99.14,,,,,,
2015-09-11 00:00:00,2015-09-11 00:00,2015,9,11,00:00,16.8,,10.7,,67.0,,36.0,,1.0,,24.1,,99.09,,,,,,
2015-09-11 01:00:00,2015-09-11 01:00,2015,9,11,01:00,17.2,,10.4,,64.0,,,,0.0,,24.1,,99.06,,,,,,Clear
2015-09-11 02:00:00,2015-09-11 02:00,2015,9,11,02:00,15.1,,9.9,,71.0,,2.0,,7.0,,24.1,,99.01,,,,,,
2015-09-11 03:00:00,2015-09-11 03:00,2015,9,11,03:00,15.7,,9.2,,65.0,,34.0,,5.0,,24.1,,99.06,,,,,,
2015-09-11 04:00:00,2015-09-11 04:00,2015,9,11,04:00,14.7,,9.3,,70.0,,32.0,,4.0,,24.1,,99.08,,,,,,Mostly Cloudy
2015-09-11 05:00:00,2015-09-11 05:00,2015,9,11,05:00,15.2,,9.4,,68.0,,1.0,,5.0,,24.1,,99.06,,,,,,
2015-09-11 06:00:00,2015-09-11 06:00,2015,9,11,06:00,15.8,,8.6,,62.0,,33.0,,7.0,,24.1,,99.1,,,,,,
2015-09-11 07:00:00,2015-09-11 07:00,2015,9,11,07:00,16.5,,8.5,,59.0,,33.0,,8.0,,24.1,,99.13,,,,,,Mostly Cloudy
2015-09-11 08:00:00,2015-09-11 08:00,2015,9,11,08:00,18.0,,10.2,,60.0,,36.0,,10.0,,24.1,,99.16,,,,,,
2015-09-11 09:00:00,2015-09-11 09:00,2015,9,11,09:00,19.6,,12.9,,65.0,,34.0,,20.0,,24.1,,99.18,,,,,,
2015-09-11 10:00:00,2015-09-11 10:00,2015,9,11,10:00,20.2,,13.5,,65.0,,35.0,,19.0,,24.1,,99.16,,,,,,Mostly Cloudy
2015-09-11 11:00:00,2015-09-11 11:00,2015,9,11,11:00,19.5,,14.0,,70.0,,4.0,,10.0,,24.1,,99.18,,,,,,
2015-09-11 12:00:00,2015-09-11 12:00,2015,9,11,12:00,19.4,,13.0,,66.0,,36.0,,10.0,,24.1,,99.16,,,,,,
2015-09-11 13:00:00,2015-09-11 13:00,2015,9,11,13:00,21.7,,13.2,,58.0,,34.0,,8.0,,24.1,,99.12,,25.0,,,,Mostly Cloudy
2015-09-11 14:00:00,2015-09-11 14:00,2015,9,11,14:00,22.5,,12.9,,54.0,,27.0,,9.0,,24.1,,99.07,,25.0,,,,
2015-09-11 15:00:00,2015-09-11 15:00,2015,9,11,15:00,19.6,,13.6,,68.0,,35.0,,22.0,,24.1,,99.04,,,,,,Rain Showers
2015-09-11 16:00:00,2015-09-11 16:00,2015,9,11,16:00,20.9,,10.5,,51.0,,1.0,,23.0,,24.1,,99.03,,,,,,Cloudy
2015-09-11 17:00:00,2015-09-11 17:00,2015,9,11,17:00,19.2,,10.8,,58.0,,36.0,,25.0,,24.1,,99.07,,,,,,
2015-09-11 18:00:00,2015-09-11 18:00,2015,9,11,18:00,17.9,,10.4,,61.0,,34.0,,25.0,,24.1,,99.11,,,,,,
2015-09-11 19:00:00,2015-09-11 19:00,2015,9,11,19:00,16.3,,10.5,,68.0,,34.0,,22.0,,24.1,,99.17,,,,,,Rain
2015-09-11 20:00:00,2015-09-11 20:00,2015,9,11,20:00,15.5,,10.9,,74.0,,35.0,,20.0,,24.1,,99.24,,,,,,Rain
2015-09-11 21:00:00,2015-09-11 21:00,2015,9,11,21:00,14.7,,11.0,,78.0,,35.0,,22.0,,24.1,,99.22,,,,,,Rain
2015-09-11 22:00:00,2015-09-11 22:00,2015,9,11,22:00,14.3,,11.1,,81.0,,36.0,,19.0,,24.1,,99.19,,,,,,Rain
2015-09-11 23:00:00,2015-09-11 23:00,2015,9,11,23:00,13.8,,11.0,,83.0,,1.0,,19.0,,24.1,,99.2,,,,,,Rain
2015-09-12 00:00:00,2015-09-12 00:00,2015,9,12,00:00,13.6,,11.0,,84.0,,36.0,,15.0,,24.1,,99.24,,,,,,Rain
2015-09-12 01:00:00,2015-09-12 01:00,2015,9,12,01:00,13.0,,9.9,,81.0,,2.0,,18.0,,24.1,,99.16,,,,,,Rain
2015-09-12 02:00:00,2015-09-12 02:00,2015,9,12,02:00,12.8,,11.2,,90.0,,6.0,,9.0,,24.1,,99.16,,,,,,Rain
2015-09-12 03:00:00,2015-09-12 03:00,2015,9,12,03:00,12.0,,9.9,,87.0,,4.0,,14.0,,24.1,,99.09,,,,,,Rain
2015-09-12 04:00:00,2015-09-12 04:00,2015,9,12,04:00,12.4,,10.5,,88.0,,5.0,,9.0,,24.1,,99.14,,,,,,Rain
2015-09-12 05:00:00,2015-09-12 05:00,2015,9,12,05:00,12.6,,11.2,,91.0,,2.0,,13.0,,16.1,,99.15,,,,,,Rain
2015-09-12 06:00:00,2015-09-12 06:00,2015,9,12,06:00,12.7,,11.5,,92.0,,1.0,,14.0,,9.7,,99.15,,,,,,"Rain,Fog"
2015-09-12 07:00:00,2015-09-12 07:00,2015,9,12,07:00,12.7,,11.5,,92.0,,2.0,,16.0,,19.3,,99.14,,,,,,Rain
2015-09-12 08:00:00,2015-09-12 08:00,2015,9,12,08:00,13.4,,12.0,,91.0,,1.0,,19.0,,24.1,,99.12,,,,,,
2015-09-12 09:00:00,2015-09-12 09:00,2015,9,12,09:00,14.2,,11.6,,84.0,,2.0,,25.0,,24.1,,99.11,,,,,,
2015-09-12 10:00:00,2015-09-12 10:00,2015,9,12,10:00,14.5,,10.9,,79.0,,2.0,,30.0,,24.1,,99.1,,,,,,Cloudy
2015-09-12 11:00:00,2015-09-12 11:00,2015,9,12,11:00,15.2,,10.7,,74.0,,3.0,,27.0,,24.1,,99.08,,,,,,
2015-09-12 12:00:00,2015-09-12 12:00,2015,9,12,12:00,15.3,,10.7,,74.0,,2.0,,24.0,,24.1,,99.05,,,,,,
2015-09-12 13:00:00,2015-09-12 13:00,2015,9,12,13:00,16.0,,10.2,,68.0,,1.0,,32.0,,24.1,,99.01,,,,,,Cloudy
2015-09-12 14:00:00,2015-09-12 14:00,2015,9,12,14:00,15.6,,9.1,,65.0,,1.0,,28.0,,24.1,,98.99,,,,,,
2015-09-12 15:00:00,2015-09-12 15:00,2015,9,12,15:00,14.9,,10.2,,73.0,,36.0,,28.0,,24.1,,98.91,,,,,,Rain Showers
2015-09-12 16:00:00,2015-09-12 16:00,2015,9,12,16:00,15.2,,9.4,,68.0,,1.0,,26.0,,24.1,,98.88,,,,,,Rain Showers
2015-09-12 17:00:00,2015-09-12 17:00,2015,9,12,17:00,14.8,,9.4,,70.0,,3.0,,20.0,,24.1,,98.87,,,,,,
2015-09-12 18:00:00,2015-09-12 18:00,2015,9,12,18:00,13.7,,10.9,,83.0,,1.0,,16.0,,24.1,,98.86,,,,,,Rain Showers
2015-09-12 19:00:00,2015-09-12 19:00,2015,9,12,19:00,12.7,,10.8,,88.0,,35.0,,17.0,,24.1,,98.91,,,,,,Rain Showers
2015-09-12 20:00:00,2015-09-12 20:00,2015,9,12,20:00,12.3,,10.7,,90.0,,2.0,,15.0,,16.1,,98.93,,,,,,Rain
2015-09-12 21:00:00,2015-09-12 21:00,2015,9,12,21:00,12.2,,10.3,,88.0,,1.0,,20.0,,24.1,,98.88,,,,,,Rain
2015-09-12 22:00:00,2015-09-12 22:00,2015,9,12,22:00,12.5,,10.2,,86.0,,35.0,,18.0,,24.1,,98.88,,,,,,Rain
2015-09-12 23:00:00,2015-09-12 23:00,2015,9,12,23:00,12.7,,10.4,,86.0,,36.0,,11.0,,24.1,,98.87,,,,,,Rain
2015-09-13 00:00:00,2015-09-13 00:00,2015,9,13,00:00,12.5,,9.0,,79.0,,35.0,,24.0,,24.1,,98.74,,,,,,
2015-09-13 01:00:00,2015-09-13 01:00,2015,9,13,01:00,12.2,,8.3,,77.0,,34.0,,23.0,,24.1,,98.75,,,,,,Mostly Cloudy
2015-09-13 02:00:00,2015-09-13 02:00,2015,9,13,02:00,11.9,,8.0,,77.0,,33.0,,22.0,,24.1,,98.75,,,,,,
2015-09-13 03:00:00,2015-09-13 03:00,2015,9,13,03:00,11.9,,7.8,,76.0,,33.0,,26.0,,24.1,,98.73,,,,,,
2015-09-13 04:00:00,2015-09-13 04:00,2015,9,13,04:00,11.9,,7.7,,75.0,,32.0,,26.0,,24.1,,98.71,,,,,,Rain
2015-09-13 05:00:00,2015-09-13 05:00,2015,9,13,05:00,11.7,,7.6,,76.0,,32.0,,26.0,,24.1,,98.71,,,,,,Rain
2015-09-13 06:00:00,2015-09-13 06:00,2015,9,13,06:00,11.3,,8.7,,84.0,,31.0,,26.0,,19.3,,98.72,,,,,,Rain
2015-09-13 07:00:00,2015-09-13 07:00,2015,9,13,07:00,11.9,,9.3,,84.0,,31.0,,25.0,,24.1,,98.75,,,,,,Rain
2015-09-13 08:00:00,2015-09-13 08:00,2015,9,13,08:00,12.3,,9.3,,82.0,,31.0,,22.0,,24.1,,98.76,,,,,,
2015-09-13 09:00:00,2015-09-13 09:00,2015,9,13,09:00,13.1,,9.9,,81.0,,32.0,,26.0,,24.1,,98.76,,,,,,
2015-09-13 10:00:00,2015-09-13 10:00,2015,9,13,10:00,12.9,,9.6,,80.0,,32.0,,31.0,,24.1,,98.77,,,,,,Rain Showers
2015-09-13 11:00:00,2015-09-13 11:00,2015,9,13,11:00,13.9,,9.4,,74.0,,31.0,,33.0,,24.1,,98.79,,,,,,
2015-09-13 12:00:00,2015-09-13 12:00,2015,9,13,12:00,14.2,,10.1,,76.0,,32.0,,28.0,,24.1,,98.83,,,,,,Rain Showers
2015-09-13 13:00:00,2015-09-13 13:00,2015,9,13,13:00,13.9,,10.4,,79.0,,30.0,,18.0,,24.1,,98.85,,,,,,Rain Showers
2015-09-13 14:00:00,2015-09-13 14:00,2015,9,13,14:00,14.4,,9.3,,71.0,,30.0,,25.0,,24.1,,98.88,,,,,,Rain
2015-09-13 15:00:00,2015-09-13 15:00,2015,9,13,15:00,13.4,,10.4,,82.0,,28.0,,19.0,,16.1,,98.89,,,,,,Rain
2015-09-13 16:00:00,2015-09-13 16:00,2015,9,13,16:00,13.6,,10.4,,81.0,,27.0,,15.0,,24.1,,98.93,,,,,,Rain
2015-09-13 17:00:00,2015-09-13 17:00,2015,9,13,17:00,14.1,,9.6,,74.0,,29.0,,15.0,,24.1,,98.96,,,,,,Rain
2015-09-13 18:00:00,2015-09-13 18:00,2015,9,13,18:00,14.4,,8.6,,68.0,,28.0,,17.0,,24.1,,99.02,,,,,,
2015-09-13 19:00:00,2015-09-13 19:00,2015,9,13,19:00,14.1,,7.9,,66.0,,29.0,,22.0,,24.1,,99.06,,,,,,Mostly Cloudy
2015-09-13 20:00:00,2015-09-13 20:00,2015,9,13,20:00,13.6,,7.4,,66.0,,29.0,,16.0,,24.1,,99.15,,,,,,
2015-09-13 21:00:00,2015-09-13 21:00,2015,9,13,21:00,12.7,,7.0,,68.0,,29.0,,17.0,,24.1,,99.19,,,,,,
2015-09-13 22:00:00,2015-09-13 22:00,2015,9,13,22:00,11.3,,6.5,,72.0,,28.0,,17.0,,24.1,,99.22,,,,,,Mainly Clear
2015-09-13 23:00:00,2015-09-13 23:00,2015,9,13,23:00,10.9,,6.3,,73.0,,28.0,,17.0,,24.1,,99.25,,,,,,
2015-09-14 00:00:00,2015-09-14 00:00,2015,9,14,00:00,10.4,,6.4,,76.0,,28.0,,17.0,,24.1,,99.27,,,,,,
2015-09-14 01:00:00,2015-09-14 01:00,2015,9,14,01:00,10.6,,6.6,,76.0,,29.0,,18.0,,24.1,,99.28,,,,,,Clear
2015-09-14 02:00:00,2015-09-14 02:00,2015,9,14,02:00,9.9,,6.6,,80.0,,29.0,,18.0,,24.1,,99.32,,,,,,
2015-09-14 03:00:00,2015-09-14 03:00,2015,9,14,03:00,9.7,,7.0,,83.0,,29.0,,17.0,,24.1,,99.39,,,,,,
2015-09-14 04:00:00,2015-09-14 04:00,2015,9,14,04:00,9.2,,6.7,,84.0,,27.0,,15.0,,24.1,,99.44,,,,,,Clear
2015-09-14 05:00:00,2015-09-14 05:00,2015,9,14,05:00,9.4,,6.7,,83.0,,26.0,,18.0,,24.1,,99.53,,,,,,
2015-09-14 06:00:00,2015-09-14 06:00,2015,9,14,06:00,9.7,,6.8,,82.0,,27.0,,17.0,,24.1,,99.62,,,,,,
2015-09-14 07:00:00,2015-09-14 07:00,2015,9,14,07:00,11.2,,7.7,,79.0,,26.0,,20.0,,24.1,,99.7,,,,,,Clear
2015-09-14 08:00:00,2015-09-14 08:00,2015,9,14,08:00,13.9,,9.0,,72.0,,26.0,,17.0,,24.1,,99.76,,,,,,
2015-09-14 09:00:00,2015-09-14 09:00,2015,9,14,09:00,17.2,,10.9,,66.0,,25.0,,19.0,,24.1,,99.81,,,,,,
2015-09-14 10:00:00,2015-09-14 10:00,2015,9,14,10:00,19.4,,9.1,,51.0,,26.0,,25.0,,24.1,,99.85,,,,,,Clear
2015-09-14 11:00:00,2015-09-14 11:00,2015,9,14,11:00,20.5,,8.3,,45.0,,26.0,,27.0,,24.1,,99.86,,,,,,
2015-09-14 12:00:00,2015-09-14 12:00,2015,9,14,12:00,21.4,,7.8,,41.0,,27.0,,30.0,,24.1,,99.85,,,,,,
2015-09-14 13:00:00,2015-09-14 13:00,2015,9,14,13:00,22.6,,8.5,,40.0,,26.0,,29.0,,24.1,,99.84,,,,,,Clear
2015-09-14 14:00:00,2015-09-14 14:00,2015,9,14,14:00,23.1,,9.0,,40.0,,27.0,,28.0,,24.1,,99.81,,,,,,
2015-09-14 15:00:00,2015-09-14 15:00,2015,9,14,15:00,23.0,,9.9,,43.0,,26.0,,28.0,,24.1,,99.83,,,,,,
2015-09-14 16:00:00,2015-09-14 16:00,2015,9,14,16:00,23.2,,9.8,,42.0,,25.0,,26.0,,24.1,,99.82,,,,,,Clear
2015-09-14 17:00:00,2015-09-14 17:00,2015,9,14,17:00,22.5,,8.8,,41.0,,28.0,,19.0,,24.1,,99.81,,,,,,
2015-09-14 18:00:00,2015-09-14 18:00,2015,9,14,18:00,21.5,,8.9,,44.0,,27.0,,18.0,,24.1,,99.83,,,,,,
2015-09-14 19:00:00,2015-09-14 19:00,2015,9,14,19:00,19.4,,7.9,,47.0,,28.0,,13.0,,24.1,,99.86,,,,,,Clear
2015-09-14 20:00:00,2015-09-14 20:00,2015,9,14,20:00,18.7,,10.6,,59.0,,24.0,,16.0,,24.1,,99.96,,,,,,
2015-09-14 21:00:00,2015-09-14 21:00,2015,9,14,21:00,16.8,,10.9,,68.0,,25.0,,12.0,,24.1,,100.02,,,,,,
2015-09-14 22:00:00,2015-09-14 22:00,2015,9,14,22:00,15.9,,10.9,,72.0,,24.0,,10.0,,24.1,,100.08,,,,,,Clear
2015-09-14 23:00:00,2015-09-14 23:00,2015,9,14,23:00,15.1,,11.0,,76.0,,24.0,,10.0,,24.1,,100.12,,,,,,
2015-09-15 00:00:00,2015-09-15 00:00,2015,9,15,00:00,13.9,,10.7,,81.0,,25.0,,7.0,,24.1,,100.15,,,,,,
2015-09-15 01:00:00,2015-09-15 01:00,2015,9,15,01:00,14.2,,10.5,,78.0,,28.0,,6.0,,24.1,,100.19,,,,,,Clear
2015-09-15 02:00:00,2015-09-15 02:00,2015,9,15,02:00,13.6,,10.3,,80.0,,26.0,,8.0,,24.1,,100.23,,,,,,
2015-09-15 03:00:00,2015-09-15 03:00,2015,9,15,03:00,13.9,,10.4,,79.0,,25.0,,4.0,,24.1,,100.25,,,,,,
2015-09-15 04:00:00,2015-09-15 04:00,2015,9,15,04:00,14.0,,10.8,,81.0,,26.0,,6.0,,24.1,,100.28,,,,,,Clear
2015-09-15 05:00:00,2015-09-15 05:00,2015,9,15,05:00,14.1,,11.5,,84.0,,36.0,,1.0,,24.1,,100.32,,,,,,
2015-09-15 06:00:00,2015-09-15 06:00,2015,9,15,06:00,14.4,,12.1,,86.0,,28.0,,5.0,,24.1,,100.36,,,,,,
2015-09-15 07:00:00,2015-09-15 07:00,2015,9,15,07:00,15.6,,13.1,,85.0,,30.0,,3.0,,24.1,,100.4,,,,,,Clear
2015-09-15 08:00:00,2015-09-15 08:00,2015,9,15,08:00,18.7,,13.4,,71.0,,26.0,,10.0,,24.1,,100.45,,,,,,
2015-09-15 09:00:00,2015-09-15 09:00,2015,9,15,09:00,21.8,,13.3,,58.0,,25.0,,8.0,,24.1,,100.47,,25.0,,,,
2015-09-15 10:00:00,2015-09-15 10:00,2015,9,15,10:00,23.7,,12.8,,50.0,,25.0,,8.0,,24.1,,100.48,,26.0,,,,Clear
2015-09-15 11:00:00,2015-09-15 11:00,2015,9,15,11:00,25.6,,13.7,,47.0,,23.0,,7.0,,24.1,,100.46,,29.0,,,,
2015-09-15 12:00:00,2015-09-15 12:00,2015,9,15,12:00,25.3,,16.1,,56.0,,13.0,,12.0,,24.1,,100.45,,30.0,,,,
2015-09-15 13:00:00,2015-09-15 13:00,2015,9,15,13:00,27.2,,15.8,,49.0,,20.0,,9.0,,24.1,,100.42,,32.0,,,,Mainly Clear
2015-09-15 14:00:00,2015-09-15 14:00,2015,9,15,14:00,27.5,,15.1,,46.0,,23.0,,16.0,,24.1,,100.37,,32.0,,,,
2015-09-15 15:00:00,2015-09-15 15:00,2015,9,15,15:00,26.6,,15.5,,50.0,,16.0,,15.0,,24.1,,100.33,,31.0,,,,
2015-09-15 16:00:00,2015-09-15 16:00,2015,9,15,16:00,28.3,,14.8,,43.0,,22.0,,12.0,,24.1,,100.31,,32.0,,,,Mostly Cloudy
2015-09-15 17:00:00,2015-09-15 17:00,2015,9,15,17:00,27.3,,14.5,,45.0,,22.0,,16.0,,24.1,,100.32,,31.0,,,,
2015-09-15 18:00:00,2015-09-15 18:00,2015,9,15,18:00,25.7,,15.6,,53.0,,24.0,,18.0,,24.1,,100.36,,30.0,,,,
2015-09-15 19:00:00,2015-09-15 19:00,2015,9,15,19:00,24.0,,13.7,,52.0,,23.0,,18.0,,24.1,,100.42,,27.0,,,,Mostly Cloudy
2015-09-15 20:00:00,2015-09-15 20:00,2015,9,15,20:00,22.8,,13.2,,54.0,,23.0,,19.0,,24.1,,100.47,,26.0,,,,
2015-09-15 21:00:00,2015-09-15 21:00,2015,9,15,21:00,20.8,,12.6,,59.0,,25.0,,16.0,,24.1,,100.51,,,,,,
2015-09-15 22:00:00,2015-09-15 22:00,2015,9,15,22:00,20.2,,12.0,,59.0,,27.0,,14.0,,24.1,,100.52,,,,,,Mainly Clear
2015-09-15 23:00:00,2015-09-15 23:00,2015,9,15,23:00,18.9,,11.6,,62.0,,27.0,,7.0,,24.1,,100.53,,,,,,
2015-09-16 00:00:00,2015-09-16 00:00,2015,9,16,00:00,19.0,,11.4,,61.0,,29.0,,8.0,,24.1,,100.52,,,,,,
2015-09-16 01:00:00,2015-09-16 01:00,2015,9,16,01:00,19.2,,11.4,,60.0,,18.0,,4.0,,24.1,,100.52,,,,,,Mainly Clear
2015-09-16 02:00:00,2015-09-16 02:00,2015,9,16,02:00,18.2,,11.6,,65.0,,21.0,,7.0,,24.1,,100.53,,,,,,
2015-09-16 03:00:00,2015-09-16 03:00,2015,9,16,03:00,17.7,,11.4,,66.0,,21.0,,4.0,,24.1,,100.53,,,,,,
2015-09-16 04:00:00,2015-09-16 04:00,2015,9,16,04:00,17.0,,11.3,,69.0,,21.0,,4.0,,24.1,,100.54,,,,,,Clear
2015-09-16 05:00:00,2015-09-16 05:00,2015,9,16,05:00,17.6,,11.3,,66.0,,20.0,,5.0,,24.1,,100.56,,,,,,
2015-09-16 06:00:00,2015-09-16 06:00,2015,9,16,06:00,17.0,,11.3,,69.0,,24.0,,4.0,,24.1,,100.59,,,,,,
2015-09-16 07:00:00,2015-09-16 07:00,2015,9,16,07:00,19.2,,12.1,,63.0,,36.0,,3.0,,24.1,,100.63,,,,,,Mainly Clear
2015-09-16 08:00:00,2015-09-16 08:00,2015,9,16,08:00,20.8,,12.6,,59.0,,25.0,,3.0,,24.1,,100.64,,,,,,
2015-09-16 09:00:00,2015-09-16 09:00,2015,9,16,09:00,22.9,,13.0,,53.0,,26.0,,7.0,,24.1,,100.62,,26.0,,,,
2015-09-16 10:00:00,2015-09-16 10:00,2015,9,16,10:00,24.9,,14.2,,51.0,,21.0,,9.0,,24.1,,100.6,,28.0,,,,Mainly Clear
2015-09-16 11:00:00,2015-09-16 11:00,2015,9,16,11:00,26.1,,13.8,,46.0,,22.0,,14.0,,24.1,,100.56,,29.0,,,,
2015-09-16 12:00:00,2015-09-16 12:00,2015,9,16,12:00,26.4,,16.2,,53.0,,14.0,,17.0,,24.1,,100.51,,31.0,,,,
2015-09-16 13:00:00,2015-09-16 13:00,2015,9,16,13:00,27.0,,15.9,,50.0,,14.0,,15.0,,24.1,,100.44,,32.0,,,,Mainly Clear
2015-09-16 14:00:00,2015-09-16 14:00,2015,9,16,14:00,27.8,,16.3,,49.0,,13.0,,14.0,,24.1,,100.35,,33.0,,,,
2015-09-16 15:00:00,2015-09-16 15:00,2015,9,16,15:00,27.5,,16.4,,50.0,,16.0,,17.0,,24.1,,100.27,,32.0,,,,
2015-09-16 16:00:00,2015-09-16 16:00,2015,9,16,16:00,27.3,,15.9,,49.0,,15.0,,18.0,,24.1,,100.21,,32.0,,,,Clear
2015-09-16 17:00:00,2015-09-16 17:00,2015,9,16,17:00,26.4,,15.0,,49.0,,16.0,,16.0,,24.1,,100.21,,30.0,,,,
2015-09-16 18:00:00,2015-09-16 18:00,2015,9,16,18:00,24.7,,15.8,,57.0,,16.0,,12.0,,24.1,,100.17,,29.0,,,,
2015-09-16 19:00:00,2015-09-16 19:00,2015,9,16,19:00,23.8,,16.0,,61.0,,17.0,,9.0,,24.1,,100.17,,28.0,,,,Clear
2015-09-16 20:00:00,2015-09-16 20:00,2015,9,16,20:00,23.8,,15.4,,59.0,,19.0,,10.0,,24.1,,100.17,,28.0,,,,
2015-09-16 21:00:00,2015-09-16 21:00,2015,9,16,21:00,22.5,,14.7,,61.0,,23.0,,7.0,,24.1,,100.18,,26.0,,,,
2015-09-16 22:00:00,2015-09-16 22:00,2015,9,16,22:00,22.1,,14.6,,62.0,,19.0,,5.0,,24.1,,100.17,,26.0,,,,Clear
2015-09-16 23:00:00,2015-09-16 23:00,2015,9,16,23:00,21.1,,14.1,,64.0,,16.0,,4.0,,24.1,,100.15,,25.0,,,,
2015-09-17 00:00:00,2015-09-17 00:00,2015,9,17,00:00,20.3,,14.3,,68.0,,15.0,,5.0,,24.1,,100.13,,,,,,
2015-09-17 01:00:00,2015-09-17 01:00,2015,9,17,01:00,19.6,,14.1,,70.0,,36.0,,2.0,,24.1,,100.13,,,,,,Clear
2015-09-17 02:00:00,2015-09-17 02:00,2015,9,17,02:00,17.5,,13.5,,77.0,,23.0,,3.0,,24.1,,100.1,,,,,,
2015-09-17 03:00:00,2015-09-17 03:00,2015,9,17,03:00,16.8,,12.2,,74.0,,28.0,,8.0,,24.1,,100.1,,,,,,
2015-09-17 04:00:00,2015-09-17 04:00,2015,9,17,04:00,16.5,,11.5,,72.0,,31.0,,3.0,,24.1,,100.09,,,,,,Clear
2015-09-17 05:00:00,2015-09-17 05:00,2015,9,17,05:00,16.2,,11.2,,72.0,,31.0,,4.0,,24.1,,100.09,,,,,,
2015-09-17 06:00:00,2015-09-17 06:00,2015,9,17,06:00,17.0,,11.3,,69.0,,34.0,,5.0,,19.3,,100.08,,,,,,
2015-09-17 07:00:00,2015-09-17 07:00,2015,9,17,07:00,17.3,,12.7,,74.0,,36.0,,2.0,,19.3,,100.05,,,,,,Clear
2015-09-17 08:00:00,2015-09-17 08:00,2015,9,17,08:00,19.9,,12.5,,62.0,,,,0.0,,24.1,,100.03,,,,,,
2015-09-17 09:00:00,2015-09-17 09:00,2015,9,17,09:00,22.3,,13.2,,56.0,,17.0,,10.0,,24.1,,100.02,,25.0,,,,
2015-09-17 10:00:00,2015-09-17 10:00,2015,9,17,10:00,23.7,,14.0,,54.0,,15.0,,9.0,,24.1,,99.97,,27.0,,,,Clear
2015-09-17 11:00:00,2015-09-17 11:00,2015,9,17,11:00,25.0,,15.2,,54.0,,14.0,,13.0,,24.1,,99.92,,29.0,,,,
2015-09-17 12:00:00,2015-09-17 12:00,2015,9,17,12:00,25.4,,16.7,,58.0,,15.0,,16.0,,24.1,,99.84,,30.0,,,,
2015-09-17 13:00:00,2015-09-17 13:00,2015,9,17,13:00,26.4,,15.6,,51.0,,14.0,,14.0,,24.1,,99.79,,31.0,,,,Mainly Clear
2015-09-17 14:00:00,2015-09-17 14:00,2015,9,17,14:00,27.2,,15.8,,49.0,,15.0,,19.0,,24.1,,99.71,,32.0,,,,
2015-09-17 15:00:00,2015-09-17 15:00,2015,9,17,15:00,27.1,,15.7,,49.0,,14.0,,16.0,,24.1,,99.68,,32.0,,,,
2015-09-17 16:00:00,2015-09-17 16:00,2015,9,17,16:00,26.6,,15.5,,50.0,,14.0,,19.0,,24.1,,99.64,,31.0,,,,Mainly Clear
2015-09-17 17:00:00,2015-09-17 17:00,2015,9,17,17:00,26.4,,15.6,,51.0,,15.0,,17.0,,24.1,,99.6,,31.0,,,,
2015-09-17 18:00:00,2015-09-17 18:00,2015,9,17,18:00,25.8,,15.4,,52.0,,18.0,,12.0,,24.1,,99.55,,30.0,,,,
2015-09-17 19:00:00,2015-09-17 19:00,2015,9,17,19:00,24.5,,13.3,,49.0,,21.0,,20.0,,24.1,,99.51,,27.0,,,,Mainly Clear
2015-09-17 20:00:00,2015-09-17 20:00,2015,9,17,20:00,23.1,,12.6,,51.0,,21.0,,13.0,,24.1,,99.56,,26.0,,,,
2015-09-17 21:00:00,2015-09-17 21:00,2015,9,17,21:00,22.5,,12.6,,53.0,,20.0,,13.0,,24.1,,99.54,,25.0,,,,
2015-09-17 22:00:00,2015-09-17 22:00,2015,9,17,22:00,21.8,,12.8,,56.0,,16.0,,9.0,,24.1,,99.54,,,,,,Clear
2015-09-17 23:00:00,2015-09-17 23:00,2015,9,17,23:00,20.0,,13.8,,67.0,,16.0,,10.0,,24.1,,99.5,,,,,,
2015-09-18 00:00:00,2015-09-18 00:00,2015,9,18,00:00,19.4,,14.3,,72.0,,21.0,,5.0,,24.1,,99.49,,,,,,
2015-09-18 01:00:00,2015-09-18 01:00,2015,9,18,01:00,18.9,,14.4,,75.0,,17.0,,7.0,,24.1,,99.45,,,,,,Clear
2015-09-18 02:00:00,2015-09-18 02:00,2015,9,18,02:00,17.9,,13.7,,76.0,,26.0,,5.0,,24.1,,99.42,,,,,,
2015-09-18 03:00:00,2015-09-18 03:00,2015,9,18,03:00,16.5,,12.3,,76.0,,36.0,,3.0,,24.1,,99.4,,,,,,
2015-09-18 04:00:00,2015-09-18 04:00,2015,9,18,04:00,17.3,,12.7,,74.0,,36.0,,3.0,,24.1,,99.37,,,,,,Clear
2015-09-18 05:00:00,2015-09-18 05:00,2015,9,18,05:00,17.2,,12.8,,75.0,,36.0,,2.0,,24.1,,99.36,,,,,,
2015-09-18 06:00:00,2015-09-18 06:00,2015,9,18,06:00,17.3,,13.1,,76.0,,13.0,,5.0,,24.1,,99.36,,,,,,
2015-09-18 07:00:00,2015-09-18 07:00,2015,9,18,07:00,18.7,,13.6,,72.0,,16.0,,5.0,,24.1,,99.37,,,,,,Mostly Cloudy
2015-09-18 08:00:00,2015-09-18 08:00,2015,9,18,08:00,20.4,,15.3,,72.0,,19.0,,6.0,,24.1,,99.36,,25.0,,,,
2015-09-18 09:00:00,2015-09-18 09:00,2015,9,18,09:00,22.9,,16.8,,68.0,,17.0,,10.0,,24.1,,99.32,,28.0,,,,
2015-09-18 10:00:00,2015-09-18 10:00,2015,9,18,10:00,24.8,,16.4,,59.0,,18.0,,14.0,,24.1,,99.28,,30.0,,,,Mostly Cloudy
2015-09-18 11:00:00,2015-09-18 11:00,2015,9,18,11:00,25.7,,18.0,,62.0,,13.0,,15.0,,24.1,,99.24,,32.0,,,,
2015-09-18 12:00:00,2015-09-18 12:00,2015,9,18,12:00,25.8,,15.7,,53.0,,18.0,,17.0,,24.1,,99.2,,30.0,,,,
2015-09-18 13:00:00,2015-09-18 13:00,2015,9,18,13:00,26.8,,14.4,,46.0,,20.0,,18.0,,24.1,,99.15,,30.0,,,,Mostly Cloudy
2015-09-18 14:00:00,2015-09-18 14:00,2015,9,18,14:00,26.2,,14.5,,48.0,,22.0,,19.0,,24.1,,99.13,,30.0,,,,
2015-09-18 15:00:00,2015-09-18 15:00,2015,9,18,15:00,25.3,,14.0,,49.0,,22.0,,25.0,,24.1,,99.13,,29.0,,,,
2015-09-18 16:00:00,2015-09-18 16:00,2015,9,18,16:00,24.4,,13.5,,50.0,,22.0,,17.0,,24.1,,99.13,,27.0,,,,Cloudy
2015-09-18 17:00:00,2015-09-18 17:00,2015,9,18,17:00,22.4,,14.1,,59.0,,25.0,,25.0,,24.1,,99.19,,26.0,,,,
2015-09-18 18:00:00,2015-09-18 18:00,2015,9,18,18:00,23.0,,13.9,,56.0,,24.0,,13.0,,24.1,,99.15,,26.0,,,,
2015-09-18 19:00:00,2015-09-18 19:00,2015,9,18,19:00,22.2,,15.2,,64.0,,23.0,,4.0,,24.1,,99.1,,26.0,,,,Cloudy
2015-09-18 20:00:00,2015-09-18 20:00,2015,9,18,20:00,22.0,,15.5,,66.0,,20.0,,3.0,,24.1,,99.09,,26.0,,,,
2015-09-18 21:00:00,2015-09-18 21:00,2015,9,18,21:00,22.0,,15.5,,66.0,,21.0,,8.0,,24.1,,99.1,,26.0,,,,
2015-09-18 22:00:00,2015-09-18 22:00,2015,9,18,22:00,21.5,,15.7,,69.0,,24.0,,9.0,,24.1,,99.12,,26.0,,,,Mostly Cloudy
2015-09-18 23:00:00,2015-09-18 23:00,2015,9,18,23:00,19.5,,15.2,,76.0,,33.0,,6.0,,24.1,,99.08,,,,,,
2015-09-19 00:00:00,2015-09-19 00:00,2015,9,19,00:00,18.6,,15.1,,80.0,,36.0,,3.0,,24.1,,99.05,,,,,,
2015-09-19 01:00:00,2015-09-19 01:00,2015,9,19,01:00,18.1,,15.0,,82.0,,36.0,,2.0,,24.1,,98.97,,,,,,Mainly Clear
2015-09-19 02:00:00,2015-09-19 02:00,2015,9,19,02:00,19.5,,15.6,,78.0,,20.0,,4.0,,24.1,,98.87,,,,,,
2015-09-19 03:00:00,2015-09-19 03:00,2015,9,19,03:00,18.9,,15.6,,81.0,,18.0,,5.0,,24.1,,98.84,,,,,,
2015-09-19 04:00:00,2015-09-19 04:00,2015,9,19,04:00,18.6,,15.9,,84.0,,16.0,,5.0,,24.1,,98.75,,,,,,Mostly Cloudy
2015-09-19 05:00:00,2015-09-19 05:00,2015,9,19,05:00,18.4,,15.9,,85.0,,13.0,,11.0,,24.1,,98.62,,,,,,
2015-09-19 06:00:00,2015-09-19 06:00,2015,9,19,06:00,18.9,,16.9,,88.0,,16.0,,10.0,,24.1,,98.61,,,,,,
2015-09-19 07:00:00,2015-09-19 07:00,2015,9,19,07:00,19.8,,17.8,,88.0,,20.0,,18.0,,19.3,,98.65,,,,,,Cloudy
2015-09-19 08:00:00,2015-09-19 08:00,2015,9,19,08:00,21.1,,18.3,,84.0,,19.0,,19.0,,24.1,,98.59,,27.0,,,,
2015-09-19 09:00:00,2015-09-19 09:00,2015,9,19,09:00,21.6,,18.5,,82.0,,21.0,,21.0,,24.1,,98.58,,28.0,,,,
2015-09-19 10:00:00,2015-09-19 10:00,2015,9,19,10:00,23.5,,18.5,,73.0,,19.0,,22.0,,24.1,,98.49,,30.0,,,,Mostly Cloudy
2015-09-19 11:00:00,2015-09-19 11:00,2015,9,19,11:00,23.9,,18.6,,72.0,,20.0,,23.0,,24.1,,98.52,,30.0,,,,
2015-09-19 12:00:00,2015-09-19 12:00,2015,9,19,12:00,24.2,,18.3,,69.0,,22.0,,30.0,,24.1,,98.48,,30.0,,,,
2015-09-19 13:00:00,2015-09-19 13:00,2015,9,19,13:00,24.7,,18.3,,67.0,,21.0,,28.0,,24.1,,98.36,,31.0,,,,Cloudy
2015-09-19 14:00:00,2015-09-19 14:00,2015,9,19,14:00,21.7,,18.9,,84.0,,24.0,,36.0,,1.6,,98.39,,28.0,,,,Heavy Rain Showers
2015-09-19 15:00:00,2015-09-19 15:00,2015,9,19,15:00,19.8,,16.7,,82.0,,29.0,,34.0,,24.1,,98.52,,,,,,
2015-09-19 16:00:00,2015-09-19 16:00,2015,9,19,16:00,19.4,,14.3,,72.0,,30.0,,36.0,,24.1,,98.64,,,,,,Mostly Cloudy
2015-09-19 17:00:00,2015-09-19 17:00,2015,9,19,17:00,17.9,,12.9,,72.0,,31.0,,34.0,,24.1,,98.8,,,,,,
2015-09-19 18:00:00,2015-09-19 18:00,2015,9,19,18:00,17.6,,10.6,,63.0,,31.0,,42.0,,24.1,,98.92,,,,,,
2015-09-19 19:00:00,2015-09-19 19:00,2015,9,19,19:00,16.5,,10.9,,69.0,,30.0,,28.0,,24.1,,99.08,,,,,,Mostly Cloudy
2015-09-19 20:00:00,2015-09-19 20:00,2015,9,19,20:00,16.0,,10.6,,70.0,,32.0,,23.0,,24.1,,99.24,,,,,,
2015-09-19 21:00:00,2015-09-19 21:00,2015,9,19,21:00,15.1,,9.5,,69.0,,31.0,,21.0,,24.1,,99.32,,,,,,
2015-09-19 22:00:00,2015-09-19 22:00,2015,9,19,22:00,13.2,,9.3,,77.0,,29.0,,13.0,,24.1,,99.44,,,,,,Mainly Clear
2015-09-19 23:00:00,2015-09-19 23:00,2015,9,19,23:00,13.5,,9.4,,76.0,,31.0,,12.0,,24.1,,99.49,,,,,,
2015-09-20 00:00:00,2015-09-20 00:00,2015,9,20,00:00,12.7,,9.4,,80.0,,31.0,,13.0,,24.1,,99.58,,,,,,
2015-09-20 01:00:00,2015-09-20 01:00,2015,9,20,01:00,12.4,,9.1,,80.0,,31.0,,13.0,,24.1,,99.63,,,,,,Mainly Clear
2015-09-20 02:00:00,2015-09-20 02:00,2015,9,20,02:00,12.2,,8.1,,76.0,,36.0,,9.0,,24.1,,99.7,,,,,,
2015-09-20 03:00:00,2015-09-20 03:00,2015,9,20,03:00,11.9,,7.7,,75.0,,36.0,,15.0,,24.1,,99.76,,,,,,
2015-09-20 04:00:00,2015-09-20 04:00,2015,9,20,04:00,11.3,,7.5,,77.0,,34.0,,15.0,,24.1,,99.85,,,,,,Clear
2015-09-20 05:00:00,2015-09-20 05:00,2015,9,20,05:00,10.5,,7.2,,80.0,,35.0,,16.0,,24.1,,99.93,,,,,,
2015-09-20 06:00:00,2015-09-20 06:00,2015,9,20,06:00,9.9,,7.2,,83.0,,36.0,,19.0,,24.1,,100.02,,,,,,
2015-09-20 07:00:00,2015-09-20 07:00,2015,9,20,07:00,10.7,,7.4,,80.0,,34.0,,11.0,,24.1,,100.11,,,,,,Mainly Clear
2015-09-20 08:00:00,2015-09-20 08:00,2015,9,20,08:00,12.3,,7.8,,74.0,,1.0,,15.0,,24.1,,100.17,,,,,,
2015-09-20 09:00:00,2015-09-20 09:00,2015,9,20,09:00,13.9,,6.8,,62.0,,4.0,,8.0,,24.1,,100.21,,,,,,
2015-09-20 10:00:00,2015-09-20 10:00,2015,9,20,10:00,15.6,,5.3,,50.0,,1.0,,7.0,,24.1,,100.25,,,,,,Mostly Cloudy
2015-09-20 11:00:00,2015-09-20 11:00,2015,9,20,11:00,16.4,,5.8,,49.0,,2.0,,9.0,,24.1,,100.24,,,,,,
2015-09-20 12:00:00,2015-09-20 12:00,2015,9,20,12:00,17.0,,6.9,,51.0,,14.0,,8.0,,24.1,,100.22,,,,,,
2015-09-20 13:00:00,2015-09-20 13:00,2015,9,20,13:00,17.1,,7.8,,54.0,,17.0,,13.0,,24.1,,100.19,,,,,,Mostly Cloudy
2015-09-20 14:00:00,2015-09-20 14:00,2015,9,20,14:00,17.5,,7.6,,52.0,,18.0,,14.0,,24.1,,100.14,,,,,,
2015-09-20 15:00:00,2015-09-20 15:00,2015,9,20,15:00,17.7,,8.4,,54.0,,15.0,,7.0,,24.1,,100.1,,,,,,
2015-09-20 16:00:00,2015-09-20 16:00,2015,9,20,16:00,18.0,,8.7,,54.0,,14.0,,12.0,,24.1,,100.08,,,,,,Mostly Cloudy
2015-09-20 17:00:00,2015-09-20 17:00,2015,9,20,17:00,16.6,,8.4,,58.0,,16.0,,12.0,,24.1,,100.1,,,,,,
2015-09-20 18:00:00,2015-09-20 18:00,2015,9,20,18:00,15.2,,8.5,,64.0,,15.0,,10.0,,24.1,,100.08,,,,,,
2015-09-20 19:00:00,2015-09-20 19:00,2015,9,20,19:00,15.1,,8.2,,63.0,,17.0,,4.0,,24.1,,100.11,,,,,,Mostly Cloudy
2015-09-20 20:00:00,2015-09-20 20:00,2015,9,20,20:00,15.1,,7.5,,60.0,,19.0,,3.0,,24.1,,100.16,,,,,,
2015-09-20 21:00:00,2015-09-20 21:00,2015,9,20,21:00,14.7,,7.1,,60.0,,24.0,,4.0,,24.1,,100.19,,,,,,
2015-09-20 22:00:00,2015-09-20 22:00,2015,9,20,22:00,14.5,,7.4,,62.0,,7.0,,3.0,,24.1,,100.18,,,,,,Mostly Cloudy
2015-09-20 23:00:00,2015-09-20 23:00,2015,9,20,23:00,14.6,,7.0,,60.0,,0.0,,1.0,,24.1,,100.19,,,,,,
2015-09-21 00:00:00,2015-09-21 00:00,2015,9,21,00:00,13.6,,7.9,,68.0,,36.0,,2.0,,24.1,,100.2,,,,,,
2015-09-21 01:00:00,2015-09-21 01:00,2015,9,21,01:00,12.8,,8.5,,75.0,,35.0,,7.0,,24.1,,100.2,,,,,,Mostly Cloudy
2015-09-21 02:00:00,2015-09-21 02:00,2015,9,21,02:00,11.7,,8.2,,79.0,,1.0,,8.0,,24.1,,100.19,,,,,,
2015-09-21 03:00:00,2015-09-21 03:00,2015,9,21,03:00,10.8,,8.1,,83.0,,1.0,,7.0,,24.1,,100.19,,,,,,
2015-09-21 04:00:00,2015-09-21 04:00,2015,9,21,04:00,11.4,,8.1,,80.0,,36.0,,5.0,,24.1,,100.21,,,,,,Mostly Cloudy
2015-09-21 05:00:00,2015-09-21 05:00,2015,9,21,05:00,10.9,,7.6,,80.0,,1.0,,8.0,,24.1,,100.25,,,,,,
2015-09-21 06:00:00,2015-09-21 06:00,2015,9,21,06:00,11.0,,7.5,,79.0,,2.0,,6.0,,24.1,,100.28,,,,,,
2015-09-21 07:00:00,2015-09-21 07:00,2015,9,21,07:00,11.8,,8.1,,78.0,,35.0,,5.0,,24.1,,100.31,,,,,,Mostly Cloudy
2015-09-21 08:00:00,2015-09-21 08:00,2015,9,21,08:00,13.9,,9.2,,73.0,,5.0,,7.0,,24.1,,100.34,,,,,,
2015-09-21 09:00:00,2015-09-21 09:00,2015,9,21,09:00,15.5,,8.8,,64.0,,5.0,,8.0,,24.1,,100.36,,,,,,
2015-09-21 10:00:00,2015-09-21 10:00,2015,9,21,10:00,17.5,,10.5,,63.0,,8.0,,9.0,,24.1,,100.37,,,,,,Mostly Cloudy
2015-09-21 11:00:00,2015-09-21 11:00,2015,9,21,11:00,18.5,,9.9,,57.0,,14.0,,14.0,,24.1,,100.36,,,,,,
2015-09-21 12:00:00,2015-09-21 12:00,2015,9,21,12:00,17.6,,10.6,,63.0,,8.0,,15.0,,24.1,,100.32,,,,,,
2015-09-21 13:00:00,2015-09-21 13:00,2015,9,21,13:00,18.8,,11.0,,60.0,,9.0,,18.0,,24.1,,100.25,,,,,,Mostly Cloudy
2015-09-21 14:00:00,2015-09-21 14:00,2015,9,21,14:00,17.8,,11.7,,67.0,,9.0,,20.0,,24.1,,100.22,,,,,,
2015-09-21 15:00:00,2015-09-21 15:00,2015,9,21,15:00,18.0,,11.9,,67.0,,9.0,,18.0,,24.1,,100.17,,,,,,
2015-09-21 16:00:00,2015-09-21 16:00,2015,9,21,16:00,18.6,,11.5,,63.0,,9.0,,18.0,,24.1,,100.14,,,,,,Mostly Cloudy
2015-09-21 17:00:00,2015-09-21 17:00,2015,9,21,17:00,17.5,,10.0,,61.0,,11.0,,14.0,,24.1,,100.16,,,,,,
2015-09-21 18:00:00,2015-09-21 18:00,2015,9,21,18:00,16.4,,7.2,,54.0,,9.0,,18.0,,24.1,,100.19,,,,,,
2015-09-21 19:00:00,2015-09-21 19:00,2015,9,21,19:00,15.4,,8.7,,64.0,,8.0,,12.0,,24.1,,100.19,,,,,,Clear
2015-09-21 20:00:00,2015-09-21 20:00,2015,9,21,20:00,14.1,,9.4,,73.0,,6.0,,9.0,,24.1,,100.22,,,,,,
2015-09-21 21:00:00,2015-09-21 21:00,2015,9,21,21:00,13.5,,8.8,,73.0,,5.0,,7.0,,24.1,,100.21,,,,,,
2015-09-21 22:00:00,2015-09-21 22:00,2015,9,21,22:00,13.5,,9.0,,74.0,,6.0,,9.0,,24.1,,100.19,,,,,,Clear
2015-09-21 23:00:00,2015-09-21 23:00,2015,9,21,23:00,12.2,,9.1,,81.0,,2.0,,11.0,,24.1,,100.17,,,,,,
2015-09-22 00:00:00,2015-09-22 00:00,2015,9,22,00:00,11.7,,9.1,,84.0,,1.0,,10.0,,24.1,,100.15,,,,,,
2015-09-22 01:00:00,2015-09-22 01:00,2015,9,22,01:00,11.2,,8.8,,85.0,,1.0,,8.0,,24.1,,100.1,,,,,,Clear
2015-09-22 02:00:00,2015-09-22 02:00,2015,9,22,02:00,11.8,,8.7,,81.0,,36.0,,9.0,,24.1,,100.12,,,,,,
2015-09-22 03:00:00,2015-09-22 03:00,2015,9,22,03:00,10.8,,8.2,,84.0,,36.0,,7.0,,24.1,,100.13,,,,,,
2015-09-22 04:00:00,2015-09-22 04:00,2015,9,22,04:00,10.6,,8.7,,88.0,,34.0,,4.0,,24.1,,100.16,,,,,,Clear
2015-09-22 05:00:00,2015-09-22 05:00,2015,9,22,05:00,9.8,,7.9,,88.0,,32.0,,7.0,,24.1,,100.21,,,,,,
2015-09-22 06:00:00,2015-09-22 06:00,2015,9,22,06:00,10.2,,7.6,,84.0,,1.0,,4.0,,24.1,,100.29,,,,,,
2015-09-22 07:00:00,2015-09-22 07:00,2015,9,22,07:00,11.4,,9.2,,86.0,,36.0,,2.0,,24.1,,100.34,,,,,,Mainly Clear
2015-09-22 08:00:00,2015-09-22 08:00,2015,9,22,08:00,14.1,,10.7,,80.0,,36.0,,2.0,,24.1,,100.38,,,,,,
2015-09-22 09:00:00,2015-09-22 09:00,2015,9,22,09:00,16.7,,12.7,,77.0,,25.0,,7.0,,24.1,,100.39,,,,,,
2015-09-22 10:00:00,2015-09-22 10:00,2015,9,22,10:00,18.2,,13.1,,72.0,,26.0,,9.0,,24.1,,100.4,,,,,,Mainly Clear
2015-09-22 11:00:00,2015-09-22 11:00,2015,9,22,11:00,19.6,,13.6,,68.0,,27.0,,9.0,,24.1,,100.37,,,,,,
2015-09-22 12:00:00,2015-09-22 12:00,2015,9,22,12:00,20.9,,13.2,,61.0,,13.0,,7.0,,24.1,,100.33,,,,,,
2015-09-22 13:00:00,2015-09-22 13:00,2015,9,22,13:00,21.6,,13.6,,60.0,,16.0,,13.0,,24.1,,100.29,,25.0,,,,Mostly Cloudy
2015-09-22 14:00:00,2015-09-22 14:00,2015,9,22,14:00,21.7,,12.9,,57.0,,16.0,,14.0,,24.1,,100.26,,,,,,
2015-09-22 15:00:00,2015-09-22 15:00,2015,9,22,15:00,21.4,,12.4,,56.0,,15.0,,14.0,,24.1,,100.23,,,,,,
2015-09-22 16:00:00,2015-09-22 16:00,2015,9,22,16:00,21.1,,11.6,,54.0,,16.0,,16.0,,24.1,,100.22,,,,,,Mainly Clear
2015-09-22 17:00:00,2015-09-22 17:00,2015,9,22,17:00,20.3,,12.4,,60.0,,14.0,,10.0,,24.1,,100.27,,,,,,
2015-09-22 18:00:00,2015-09-22 18:00,2015,9,22,18:00,18.7,,13.8,,73.0,,15.0,,13.0,,24.1,,100.3,,,,,,
2015-09-22 19:00:00,2015-09-22 19:00,2015,9,22,19:00,17.3,,14.2,,82.0,,16.0,,7.0,,24.1,,100.3,,,,,,Clear
2015-09-22 20:00:00,2015-09-22 20:00,2015,9,22,20:00,16.8,,14.7,,87.0,,13.0,,4.0,,24.1,,100.34,,,,,,
2015-09-22 21:00:00,2015-09-22 21:00,2015,9,22,21:00,16.7,,15.1,,90.0,,14.0,,4.0,,24.1,,100.35,,,,,,
2015-09-22 22:00:00,2015-09-22 22:00,2015,9,22,22:00,17.2,,15.4,,89.0,,10.0,,4.0,,24.1,,100.37,,,,,,Mostly Cloudy
2015-09-22 23:00:00,2015-09-22 23:00,2015,9,22,23:00,16.9,,15.3,,90.0,,9.0,,4.0,,24.1,,100.37,,,,,,
2015-09-23 00:00:00,2015-09-23 00:00,2015,9,23,00:00,16.9,,15.4,,91.0,,36.0,,1.0,,24.1,,100.38,,,,,,
2015-09-23 01:00:00,2015-09-23 01:00,2015,9,23,01:00,15.6,,14.2,,91.0,,35.0,,4.0,,9.7,,100.4,,,,,,Fog
2015-09-23 02:00:00,2015-09-23 02:00,2015,9,23,02:00,14.7,,13.8,,94.0,,2.0,,6.0,,8.1,,100.39,,,,,,Fog
2015-09-23 03:00:00,2015-09-23 03:00,2015,9,23,03:00,13.6,,12.5,,93.0,,33.0,,7.0,,6.4,,100.37,,,,,,Fog
2015-09-23 04:00:00,2015-09-23 04:00,2015,9,23,04:00,14.0,,13.4,,96.0,,31.0,,5.0,,0.2,,100.41,,,,,,Fog
2015-09-23 05:00:00,2015-09-23 05:00,2015,9,23,05:00,13.9,,13.4,,97.0,,24.0,,4.0,,0.2,,100.43,,,,,,Fog
2015-09-23 06:00:00,2015-09-23 06:00,2015,9,23,06:00,13.6,,13.1,,97.0,,28.0,,5.0,,0.2,,100.48,,,,,,Fog
2015-09-23 07:00:00,2015-09-23 07:00,2015,9,23,07:00,13.4,,12.9,,97.0,,29.0,,5.0,,0.2,,100.52,,,,,,Fog
2015-09-23 08:00:00,2015-09-23 08:00,2015,9,23,08:00,14.0,,13.5,,97.0,,25.0,,3.0,,0.8,,100.57,,,,,,Fog
2015-09-23 09:00:00,2015-09-23 09:00,2015,9,23,09:00,15.4,,14.9,,97.0,,4.0,,4.0,,12.9,,100.62,,,,,,
2015-09-23 10:00:00,2015-09-23 10:00,2015,9,23,10:00,19.5,,14.4,,72.0,,30.0,,3.0,,24.1,,100.63,,,,,,Clear
2015-09-23 11:00:00,2015-09-23 11:00,2015,9,23,11:00,,,,,,,,,,,,,,,,,,,
2015-09-23 12:00:00,2015-09-23 12:00,2015,9,23,12:00,23.4,,8.1,,37.0,,22.0,,4.0,,24.1,,100.52,,,,,,
2015-09-23 13:00:00,2015-09-23 13:00,2015,9,23,13:00,24.1,,11.3,,44.0,,13.0,,13.0,,24.1,,100.46,,26.0,,,,Clear
2015-09-23 14:00:00,2015-09-23 14:00,2015,9,23,14:00,24.2,,12.4,,47.0,,15.0,,13.0,,24.1,,100.43,,27.0,,,,
2015-09-23 15:00:00,2015-09-23 15:00,2015,9,23,15:00,23.6,,13.0,,51.0,,12.0,,14.0,,24.1,,100.4,,26.0,,,,
2015-09-23 16:00:00,2015-09-23 16:00,2015,9,23,16:00,22.8,,12.3,,51.0,,15.0,,13.0,,24.1,,100.4,,25.0,,,,Mainly Clear
2015-09-23 17:00:00,2015-09-23 17:00,2015,9,23,17:00,21.9,,11.5,,51.0,,14.0,,13.0,,24.1,,100.4,,,,,,
2015-09-23 18:00:00,2015-09-23 18:00,2015,9,23,18:00,20.4,,11.2,,55.0,,15.0,,9.0,,24.1,,100.4,,,,,,
2015-09-23 19:00:00,2015-09-23 19:00,2015,9,23,19:00,19.8,,12.2,,61.0,,15.0,,4.0,,24.1,,100.44,,,,,,Clear
2015-09-23 20:00:00,2015-09-23 20:00,2015,9,23,20:00,19.3,,11.4,,60.0,,24.0,,3.0,,24.1,,100.48,,,,,,
2015-09-23 21:00:00,2015-09-23 21:00,2015,9,23,21:00,18.4,,11.1,,62.0,,3.0,,8.0,,24.1,,100.5,,,,,,
2015-09-23 22:00:00,2015-09-23 22:00,2015,9,23,22:00,18.3,,11.5,,64.0,,35.0,,9.0,,24.1,,100.5,,,,,,Clear
2015-09-23 23:00:00,2015-09-23 23:00,2015,9,23,23:00,17.1,,12.7,,75.0,,34.0,,8.0,,24.1,,100.51,,,,,,
2015-09-24 00:00:00,2015-09-24 00:00,2015,9,24,00:00,16.9,,12.9,,77.0,,35.0,,6.0,,24.1,,100.5,,,,,,
2015-09-24 01:00:00,2015-09-24 01:00,2015,9,24,01:00,15.9,,13.1,,83.0,,33.0,,10.0,,24.1,,100.5,,,,,,Clear
2015-09-24 02:00:00,2015-09-24 02:00,2015,9,24,02:00,15.3,,13.0,,86.0,,33.0,,11.0,,24.1,,100.52,,,,,,
2015-09-24 03:00:00,2015-09-24 03:00,2015,9,24,03:00,15.3,,13.2,,87.0,,36.0,,8.0,,24.1,,100.54,,,,,,
2015-09-24 04:00:00,2015-09-24 04:00,2015,9,24,04:00,15.3,,13.4,,88.0,,34.0,,7.0,,24.1,,100.57,,,,,,Clear
2015-09-24 05:00:00,2015-09-24 05:00,2015,9,24,05:00,15.1,,13.7,,91.0,,36.0,,8.0,,24.1,,100.63,,,,,,
2015-09-24 06:00:00,2015-09-24 06:00,2015,9,24,06:00,15.2,,13.8,,91.0,,34.0,,9.0,,24.1,,100.68,,,,,,
2015-09-24 07:00:00,2015-09-24 07:00,2015,9,24,07:00,15.4,,14.1,,92.0,,36.0,,6.0,,16.1,,100.73,,,,,,Mainly Clear
2015-09-24 08:00:00,2015-09-24 08:00,2015,9,24,08:00,17.2,,15.1,,87.0,,36.0,,10.0,,24.1,,100.76,,,,,,
2015-09-24 09:00:00,2015-09-24 09:00,2015,9,24,09:00,19.5,,15.6,,78.0,,2.0,,10.0,,24.1,,100.79,,,,,,
2015-09-24 10:00:00,2015-09-24 10:00,2015,9,24,10:00,21.7,,15.6,,68.0,,10.0,,10.0,,24.1,,100.77,,26.0,,,,Mainly Clear
2015-09-24 11:00:00,2015-09-24 11:00,2015,9,24,11:00,22.1,,15.3,,65.0,,14.0,,11.0,,24.1,,100.76,,26.0,,,,
2015-09-24 12:00:00,2015-09-24 12:00,2015,9,24,12:00,22.6,,16.3,,67.0,,16.0,,14.0,,24.1,,100.75,,27.0,,,,
2015-09-24 13:00:00,2015-09-24 13:00,2015,9,24,13:00,22.6,,16.7,,69.0,,12.0,,14.0,,24.1,,100.71,,28.0,,,,Mostly Cloudy
2015-09-24 14:00:00,2015-09-24 14:00,2015,9,24,14:00,22.3,,16.0,,67.0,,10.0,,15.0,,24.1,,100.67,,27.0,,,,
2015-09-24 15:00:00,2015-09-24 15:00,2015,9,24,15:00,21.7,,15.6,,68.0,,12.0,,17.0,,24.1,,100.67,,26.0,,,,
2015-09-24 16:00:00,2015-09-24 16:00,2015,9,24,16:00,21.5,,15.4,,68.0,,9.0,,16.0,,24.1,,100.68,,26.0,,,,Mostly Cloudy
2015-09-24 17:00:00,2015-09-24 17:00,2015,9,24,17:00,20.5,,14.7,,69.0,,10.0,,14.0,,24.1,,100.69,,,,,,
2015-09-24 18:00:00,2015-09-24 18:00,2015,9,24,18:00,19.8,,14.3,,70.0,,8.0,,14.0,,24.1,,100.69,,,,,,
2015-09-24 19:00:00,2015-09-24 19:00,2015,9,24,19:00,19.3,,14.0,,71.0,,9.0,,13.0,,24.1,,100.68,,,,,,Mostly Cloudy
2015-09-24 20:00:00,2015-09-24 20:00,2015,9,24,20:00,19.0,,13.7,,71.0,,8.0,,12.0,,24.1,,100.71,,,,,,
2015-09-24 21:00:00,2015-09-24 21:00,2015,9,24,21:00,18.2,,13.4,,73.0,,10.0,,10.0,,24.1,,100.7,,,,,,
2015-09-24 22:00:00,2015-09-24 22:00,2015,9,24,22:00,18.1,,13.9,,76.0,,11.0,,11.0,,24.1,,100.72,,,,,,Mainly Clear
2015-09-24 23:00:00,2015-09-24 23:00,2015,9,24,23:00,18.3,,14.3,,77.0,,10.0,,19.0,,24.1,,100.71,,,,,,
2015-09-25 00:00:00,2015-09-25 00:00,2015,9,25,00:00,18.1,,13.9,,76.0,,10.0,,16.0,,24.1,,100.74,,,,,,
2015-09-25 01:00:00,2015-09-25 01:00,2015,9,25,01:00,17.9,,12.9,,72.0,,9.0,,15.0,,24.1,,100.76,,,,,,Mostly Cloudy
2015-09-25 02:00:00,2015-09-25 02:00,2015,9,25,02:00,17.3,,12.1,,71.0,,10.0,,9.0,,24.1,,100.71,,,,,,
2015-09-25 03:00:00,2015-09-25 03:00,2015,9,25,03:00,17.2,,11.5,,69.0,,9.0,,11.0,,24.1,,100.67,,,,,,
2015-09-25 04:00:00,2015-09-25 04:00,2015,9,25,04:00,16.1,,11.1,,72.0,,6.0,,13.0,,24.1,,100.67,,,,,,Mostly Cloudy
2015-09-25 05:00:00,2015-09-25 05:00,2015,9,25,05:00,14.3,,9.8,,74.0,,5.0,,10.0,,24.1,,100.7,,,,,,
2015-09-25 06:00:00,2015-09-25 06:00,2015,9,25,06:00,13.9,,9.2,,73.0,,3.0,,14.0,,24.1,,100.71,,,,,,
2015-09-25 07:00:00,2015-09-25 07:00,2015,9,25,07:00,14.4,,8.8,,69.0,,3.0,,10.0,,24.1,,100.75,,,,,,Mostly Cloudy
2015-09-25 08:00:00,2015-09-25 08:00,2015,9,25,08:00,15.5,,8.1,,61.0,,5.0,,9.0,,24.1,,100.79,,,,,,
2015-09-25 09:00:00,2015-09-25 09:00,2015,9,25,09:00,16.6,,8.9,,60.0,,6.0,,10.0,,24.1,,100.83,,,,,,
2015-09-25 10:00:00,2015-09-25 10:00,2015,9,25,10:00,17.5,,10.0,,61.0,,4.0,,9.0,,24.1,,100.81,,,,,,Mostly Cloudy
2015-09-25 11:00:00,2015-09-25 11:00,2015,9,25,11:00,19.4,,11.0,,58.0,,11.0,,7.0,,24.1,,100.79,,,,,,
2015-09-25 12:00:00,2015-09-25 12:00,2015,9,25,12:00,20.7,,12.5,,59.0,,10.0,,18.0,,24.1,,100.75,,,,,,
2015-09-25 13:00:00,2015-09-25 13:00,2015,9,25,13:00,21.3,,12.8,,58.0,,12.0,,13.0,,24.1,,100.72,,,,,,Mostly Cloudy
2015-09-25 14:00:00,2015-09-25 14:00,2015,9,25,14:00,21.1,,12.4,,57.0,,10.0,,16.0,,24.1,,100.67,,,,,,
2015-09-25 15:00:00,2015-09-25 15:00,2015,9,25,15:00,20.4,,12.7,,61.0,,12.0,,10.0,,24.1,,100.63,,,,,,
2015-09-25 16:00:00,2015-09-25 16:00,2015,9,25,16:00,20.2,,12.0,,59.0,,11.0,,14.0,,24.1,,100.61,,,,,,Mostly Cloudy
2015-09-25 17:00:00,2015-09-25 17:00,2015,9,25,17:00,18.5,,11.7,,64.0,,12.0,,13.0,,24.1,,100.67,,,,,,
2015-09-25 18:00:00,2015-09-25 18:00,2015,9,25,18:00,17.9,,10.8,,63.0,,11.0,,14.0,,24.1,,100.7,,,,,,
2015-09-25 19:00:00,2015-09-25 19:00,2015,9,25,19:00,16.9,,11.0,,68.0,,8.0,,8.0,,24.1,,100.75,,,,,,Mostly Cloudy
2015-09-25 20:00:00,2015-09-25 20:00,2015,9,25,20:00,16.6,,11.6,,72.0,,8.0,,10.0,,24.1,,100.8,,,,,,
2015-09-25 21:00:00,2015-09-25 21:00,2015,9,25,21:00,16.5,,11.5,,72.0,,6.0,,10.0,,24.1,,100.83,,,,,,
2015-09-25 22:00:00,2015-09-25 22:00,2015,9,25,22:00,16.1,,8.2,,59.0,,8.0,,13.0,,24.1,,100.86,,,,,,Mostly Cloudy
2015-09-25 23:00:00,2015-09-25 23:00,2015,9,25,23:00,15.4,,7.3,,58.0,,10.0,,11.0,,24.1,,100.89,,,,,,
2015-09-26 00:00:00,2015-09-26 00:00,2015,9,26,00:00,14.4,,7.7,,64.0,,6.0,,8.0,,24.1,,100.88,,,,,,
2015-09-26 01:00:00,2015-09-26 01:00,2015,9,26,01:00,13.5,,6.7,,63.0,,6.0,,11.0,,24.1,,100.88,,,,,,Mostly Cloudy
2015-09-26 02:00:00,2015-09-26 02:00,2015,9,26,02:00,13.0,,6.0,,62.0,,6.0,,13.0,,24.1,,100.9,,,,,,
2015-09-26 03:00:00,2015-09-26 03:00,2015,9,26,03:00,11.1,,5.5,,68.0,,4.0,,10.0,,24.1,,100.9,,,,,,
2015-09-26 04:00:00,2015-09-26 04:00,2015,9,26,04:00,10.4,,5.2,,70.0,,4.0,,12.0,,24.1,,100.91,,,,,,Mainly Clear
2015-09-26 05:00:00,2015-09-26 05:00,2015,9,26,05:00,10.1,,4.9,,70.0,,4.0,,10.0,,24.1,,100.94,,,,,,
2015-09-26 06:00:00,2015-09-26 06:00,2015,9,26,06:00,10.2,,5.2,,71.0,,3.0,,10.0,,24.1,,100.97,,,,,,
2015-09-26 07:00:00,2015-09-26 07:00,2015,9,26,07:00,11.4,,6.2,,70.0,,3.0,,12.0,,24.1,,101.01,,,,,,Mostly Cloudy
2015-09-26 08:00:00,2015-09-26 08:00,2015,9,26,08:00,13.7,,7.3,,65.0,,6.0,,11.0,,24.1,,101.03,,,,,,
2015-09-26 09:00:00,2015-09-26 09:00,2015,9,26,09:00,15.6,,9.1,,65.0,,8.0,,13.0,,24.1,,101.07,,,,,,
2015-09-26 10:00:00,2015-09-26 10:00,2015,9,26,10:00,16.8,,9.8,,63.0,,9.0,,16.0,,24.1,,101.07,,,,,,Mostly Cloudy
2015-09-26 11:00:00,2015-09-26 11:00,2015,9,26,11:00,17.8,,10.0,,60.0,,10.0,,17.0,,24.1,,101.05,,,,,,
2015-09-26 12:00:00,2015-09-26 12:00,2015,9,26,12:00,18.5,,10.4,,59.0,,8.0,,16.0,,24.1,,101.01,,,,,,
2015-09-26 13:00:00,2015-09-26 13:00,2015,9,26,13:00,19.3,,10.9,,58.0,,11.0,,16.0,,24.1,,100.96,,,,,,Mostly Cloudy
2015-09-26 14:00:00,2015-09-26 14:00,2015,9,26,14:00,19.7,,11.3,,58.0,,10.0,,19.0,,24.1,,100.87,,,,,,
2015-09-26 15:00:00,2015-09-26 15:00,2015,9,26,15:00,19.5,,11.4,,59.0,,10.0,,19.0,,24.1,,100.81,,,,,,
2015-09-26 16:00:00,2015-09-26 16:00,2015,9,26,16:00,19.0,,10.7,,58.0,,9.0,,17.0,,24.1,,100.78,,,,,,Mostly Cloudy
2015-09-26 17:00:00,2015-09-26 17:00,2015,9,26,17:00,18.7,,9.9,,56.0,,11.0,,18.0,,24.1,,100.77,,,,,,
2015-09-26 18:00:00,2015-09-26 18:00,2015,9,26,18:00,17.4,,11.5,,68.0,,8.0,,11.0,,24.1,,100.74,,,,,,
2015-09-26 19:00:00,2015-09-26 19:00,2015,9,26,19:00,16.6,,12.0,,74.0,,9.0,,9.0,,24.1,,100.74,,,,,,Mostly Cloudy
2015-09-26 20:00:00,2015-09-26 20:00,2015,9,26,20:00,16.1,,12.3,,78.0,,10.0,,7.0,,24.1,,100.75,,,,,,
2015-09-26 21:00:00,2015-09-26 21:00,2015,9,26,21:00,15.8,,13.0,,83.0,,9.0,,6.0,,24.1,,100.75,,,,,,
2015-09-26 22:00:00,2015-09-26 22:00,2015,9,26,22:00,15.7,,13.7,,88.0,,8.0,,5.0,,24.1,,100.74,,,,,,Mainly Clear
2015-09-26 23:00:00,2015-09-26 23:00,2015,9,26,23:00,15.6,,14.0,,90.0,,8.0,,5.0,,24.1,,100.72,,,,,,
2015-09-27 00:00:00,2015-09-27 00:00,2015,9,27,00:00,15.6,,13.8,,89.0,,11.0,,5.0,,24.1,,100.67,,,,,,
2015-09-27 01:00:00,2015-09-27 01:00,2015,9,27,01:00,15.2,,13.8,,91.0,,11.0,,7.0,,24.1,,100.65,,,,,,Mainly Clear
2015-09-27 02:00:00,2015-09-27 02:00,2015,9,27,02:00,15.1,,13.8,,92.0,,11.0,,5.0,,24.1,,100.61,,,,,,
2015-09-27 03:00:00,2015-09-27 03:00,2015,9,27,03:00,14.2,,13.4,,95.0,,36.0,,1.0,,24.1,,100.59,,,,,,
2015-09-27 04:00:00,2015-09-27 04:00,2015,9,27,04:00,13.4,,12.8,,96.0,,36.0,,2.0,,19.3,,100.57,,,,,,Mainly Clear
2015-09-27 05:00:00,2015-09-27 05:00,2015,9,27,05:00,14.0,,13.4,,96.0,,15.0,,4.0,,6.4,,100.54,,,,,,
2015-09-27 06:00:00,2015-09-27 06:00,2015,9,27,06:00,10.9,,10.1,,95.0,,36.0,,3.0,,8.1,,100.57,,,,,,Fog
2015-09-27 07:00:00,2015-09-27 07:00,2015,9,27,07:00,11.7,,10.9,,95.0,,3.0,,6.0,,6.4,,100.62,,,,,,Fog
2015-09-27 08:00:00,2015-09-27 08:00,2015,9,27,08:00,14.5,,13.7,,95.0,,36.0,,2.0,,24.1,,100.61,,,,,,
2015-09-27 09:00:00,2015-09-27 09:00,2015,9,27,09:00,18.3,,12.6,,69.0,,18.0,,14.0,,24.1,,100.57,,,,,,
2015-09-27 10:00:00,2015-09-27 10:00,2015,9,27,10:00,19.1,,11.7,,62.0,,16.0,,15.0,,24.1,,100.53,,,,,,Mainly Clear
2015-09-27 11:00:00,2015-09-27 11:00,2015,9,27,11:00,19.0,,11.7,,62.0,,16.0,,16.0,,24.1,,100.52,,,,,,
2015-09-27 12:00:00,2015-09-27 12:00,2015,9,27,12:00,20.3,,12.6,,61.0,,14.0,,12.0,,24.1,,100.43,,,,,,
2015-09-27 13:00:00,2015-09-27 13:00,2015,9,27,13:00,20.2,,11.5,,57.0,,15.0,,16.0,,24.1,,100.35,,,,,,Mostly Cloudy
2015-09-27 14:00:00,2015-09-27 14:00,2015,9,27,14:00,20.4,,11.5,,56.0,,13.0,,16.0,,24.1,,100.26,,,,,,
2015-09-27 15:00:00,2015-09-27 15:00,2015,9,27,15:00,21.0,,12.3,,57.0,,11.0,,15.0,,24.1,,100.17,,,,,,
2015-09-27 16:00:00,2015-09-27 16:00,2015,9,27,16:00,20.3,,12.6,,61.0,,13.0,,16.0,,24.1,,100.11,,,,,,Mainly Clear
2015-09-27 17:00:00,2015-09-27 17:00,2015,9,27,17:00,19.8,,12.9,,64.0,,12.0,,18.0,,24.1,,100.08,,,,,,
2015-09-27 18:00:00,2015-09-27 18:00,2015,9,27,18:00,18.5,,13.4,,72.0,,12.0,,13.0,,24.1,,100.08,,,,,,
2015-09-27 19:00:00,2015-09-27 19:00,2015,9,27,19:00,18.0,,14.2,,78.0,,13.0,,10.0,,24.1,,100.08,,,,,,Mostly Cloudy
2015-09-27 20:00:00,2015-09-27 20:00,2015,9,27,20:00,18.1,,14.5,,79.0,,14.0,,7.0,,24.1,,100.08,,,,,,
2015-09-27 21:00:00,2015-09-27 21:00,2015,9,27,21:00,18.5,,14.7,,78.0,,15.0,,7.0,,24.1,,100.05,,,,,,
2015-09-27 22:00:00,2015-09-27 22:00,2015,9,27,22:00,18.5,,15.4,,82.0,,14.0,,7.0,,24.1,,100.02,,,,,,Cloudy
2015-09-27 23:00:00,2015-09-27 23:00,2015,9,27,23:00,18.6,,15.5,,82.0,,16.0,,5.0,,24.1,,100.0,,,,,,
2015-09-28 00:00:00,2015-09-28 00:00,2015,9,28,00:00,18.5,,16.2,,86.0,,16.0,,11.0,,24.1,,99.95,,,,,,
2015-09-28 01:00:00,2015-09-28 01:00,2015,9,28,01:00,18.8,,15.3,,80.0,,19.0,,11.0,,24.1,,99.96,,,,,,Mainly Clear
2015-09-28 02:00:00,2015-09-28 02:00,2015,9,28,02:00,18.4,,15.1,,81.0,,17.0,,6.0,,24.1,,99.93,,,,,,
2015-09-28 03:00:00,2015-09-28 03:00,2015,9,28,03:00,18.6,,15.7,,83.0,,20.0,,12.0,,24.1,,99.9,,,,,,Rain
2015-09-28 04:00:00,2015-09-28 04:00,2015,9,28,04:00,19.0,,15.7,,81.0,,20.0,,10.0,,24.1,,99.87,,,,,,Cloudy
2015-09-28 05:00:00,2015-09-28 05:00,2015,9,28,05:00,19.1,,16.0,,82.0,,20.0,,13.0,,24.1,,99.87,,,,,,Rain
2015-09-28 06:00:00,2015-09-28 06:00,2015,9,28,06:00,19.1,,16.4,,84.0,,20.0,,9.0,,24.1,,99.9,,,,,,
2015-09-28 07:00:00,2015-09-28 07:00,2015,9,28,07:00,18.8,,17.2,,90.0,,18.0,,10.0,,19.3,,99.89,,,,,,Rain
2015-09-28 08:00:00,2015-09-28 08:00,2015,9,28,08:00,19.0,,17.4,,90.0,,20.0,,10.0,,12.9,,99.88,,,,,,Rain
2015-09-28 09:00:00,2015-09-28 09:00,2015,9,28,09:00,19.1,,18.0,,93.0,,18.0,,9.0,,19.3,,99.87,,,,,,Drizzle
2015-09-28 10:00:00,2015-09-28 10:00,2015,9,28,10:00,19.7,,17.5,,87.0,,21.0,,12.0,,24.1,,99.86,,,,,,Cloudy
2015-09-28 11:00:00,2015-09-28 11:00,2015,9,28,11:00,20.0,,17.4,,85.0,,20.0,,19.0,,24.1,,99.83,,26.0,,,,
2015-09-28 12:00:00,2015-09-28 12:00,2015,9,28,12:00,20.8,,17.3,,80.0,,21.0,,17.0,,24.1,,99.81,,26.0,,,,
2015-09-28 13:00:00,2015-09-28 13:00,2015,9,28,13:00,21.4,,17.7,,79.0,,24.0,,18.0,,24.1,,99.74,,27.0,,,,Cloudy
2015-09-28 14:00:00,2015-09-28 14:00,2015,9,28,14:00,21.6,,17.5,,77.0,,18.0,,10.0,,24.1,,99.65,,27.0,,,,
2015-09-28 15:00:00,2015-09-28 15:00,2015,9,28,15:00,21.7,,18.0,,79.0,,16.0,,11.0,,24.1,,99.59,,28.0,,,,
2015-09-28 16:00:00,2015-09-28 16:00,2015,9,28,16:00,,,,,,,,,,,,,,,,,,,
2015-09-28 17:00:00,2015-09-28 17:00,2015,9,28,17:00,21.7,,17.2,,75.0,,19.0,,11.0,,24.1,,99.52,,27.0,,,,
2015-09-28 18:00:00,2015-09-28 18:00,2015,9,28,18:00,21.3,,17.2,,77.0,,19.0,,12.0,,24.1,,99.51,,27.0,,,,
2015-09-28 19:00:00,2015-09-28 19:00,2015,9,28,19:00,20.3,,17.6,,84.0,,17.0,,11.0,,24.1,,99.49,,26.0,,,,Cloudy
2015-09-28 20:00:00,2015-09-28 20:00,2015,9,28,20:00,20.1,,17.5,,85.0,,18.0,,9.0,,24.1,,99.52,,26.0,,,,
2015-09-28 21:00:00,2015-09-28 21:00,2015,9,28,21:00,20.1,,17.4,,84.0,,20.0,,6.0,,24.1,,99.54,,26.0,,,,
2015-09-28 22:00:00,2015-09-28 22:00,2015,9,28,22:00,19.8,,17.4,,86.0,,18.0,,9.0,,24.1,,99.51,,,,,,Cloudy
2015-09-28 23:00:00,2015-09-28 23:00,2015,9,28,23:00,19.2,,17.4,,89.0,,15.0,,7.0,,24.1,,99.46,,,,,,
2015-09-29 00:00:00,2015-09-29 00:00,2015,9,29,00:00,19.3,,17.5,,89.0,,20.0,,6.0,,24.1,,99.45,,,,,,
2015-09-29 01:00:00,2015-09-29 01:00,2015,9,29,01:00,19.3,,17.5,,89.0,,21.0,,8.0,,19.3,,99.44,,,,,,Cloudy
2015-09-29 02:00:00,2015-09-29 02:00,2015,9,29,02:00,19.3,,17.8,,91.0,,20.0,,9.0,,19.3,,99.4,,,,,,
2015-09-29 03:00:00,2015-09-29 03:00,2015,9,29,03:00,19.2,,17.9,,92.0,,21.0,,15.0,,16.1,,99.35,,,,,,
2015-09-29 04:00:00,2015-09-29 04:00,2015,9,29,04:00,19.4,,18.1,,92.0,,22.0,,10.0,,16.1,,99.33,,,,,,Cloudy
2015-09-29 05:00:00,2015-09-29 05:00,2015,9,29,05:00,19.4,,18.1,,92.0,,19.0,,6.0,,16.1,,99.3,,,,,,
2015-09-29 06:00:00,2015-09-29 06:00,2015,9,29,06:00,19.5,,18.2,,92.0,,16.0,,8.0,,16.1,,99.32,,,,,,
2015-09-29 07:00:00,2015-09-29 07:00,2015,9,29,07:00,19.6,,18.3,,92.0,,16.0,,7.0,,9.7,,99.35,,,,,,Fog
2015-09-29 08:00:00,2015-09-29 08:00,2015,9,29,08:00,20.2,,18.7,,91.0,,23.0,,6.0,,9.7,,99.36,,27.0,,,,"Rain Showers,Fog"
2015-09-29 09:00:00,2015-09-29 09:00,2015,9,29,09:00,21.7,,19.3,,86.0,,23.0,,3.0,,16.1,,99.35,,29.0,,,,
2015-09-29 10:00:00,2015-09-29 10:00,2015,9,29,10:00,21.7,,19.3,,86.0,,16.0,,13.0,,16.1,,99.35,,29.0,,,,Mostly Cloudy
2015-09-29 11:00:00,2015-09-29 11:00,2015,9,29,11:00,22.1,,19.1,,83.0,,13.0,,8.0,,16.1,,99.33,,29.0,,,,
2015-09-29 12:00:00,2015-09-29 12:00,2015,9,29,12:00,21.5,,19.3,,87.0,,14.0,,15.0,,12.9,,99.31,,29.0,,,,Rain Showers
2015-09-29 13:00:00,2015-09-29 13:00,2015,9,29,13:00,18.6,,16.1,,85.0,,35.0,,38.0,,16.1,,99.31,,,,,,Rain Showers
2015-09-29 14:00:00,2015-09-29 14:00,2015,9,29,14:00,17.6,,15.6,,88.0,,36.0,,28.0,,8.1,,99.33,,,,,,"Moderate Rain Showers,Fog"
2015-09-29 15:00:00,2015-09-29 15:00,2015,9,29,15:00,16.2,,14.8,,91.0,,1.0,,18.0,,8.1,,99.32,,,,,,"Rain,Fog"
2015-09-29 16:00:00,2015-09-29 16:00,2015,9,29,16:00,15.7,,12.9,,83.0,,1.0,,22.0,,16.1,,99.33,,,,,,Rain
2015-09-29 17:00:00,2015-09-29 17:00,2015,9,29,17:00,15.2,,12.6,,84.0,,36.0,,21.0,,16.1,,99.36,,,,,,Rain
2015-09-29 18:00:00,2015-09-29 18:00,2015,9,29,18:00,15.1,,11.3,,78.0,,1.0,,22.0,,24.1,,99.39,,,,,,Rain
2015-09-29 19:00:00,2015-09-29 19:00,2015,9,29,19:00,15.4,,10.6,,73.0,,36.0,,20.0,,24.1,,99.45,,,,,,Cloudy
2015-09-29 20:00:00,2015-09-29 20:00,2015,9,29,20:00,15.3,,10.7,,74.0,,36.0,,22.0,,24.1,,99.49,,,,,,
2015-09-29 21:00:00,2015-09-29 21:00,2015,9,29,21:00,15.1,,11.0,,76.0,,1.0,,17.0,,24.1,,99.51,,,,,,
2015-09-29 22:00:00,2015-09-29 22:00,2015,9,29,22:00,15.3,,10.3,,72.0,,3.0,,22.0,,24.1,,99.53,,,,,,Cloudy
2015-09-29 23:00:00,2015-09-29 23:00,2015,9,29,23:00,15.0,,10.5,,74.0,,3.0,,20.0,,24.1,,99.55,,,,,,
2015-09-30 00:00:00,2015-09-30 00:00,2015,9,30,00:00,14.5,,10.8,,78.0,,3.0,,21.0,,24.1,,99.54,,,,,,
2015-09-30 01:00:00,2015-09-30 01:00,2015,9,30,01:00,14.1,,10.4,,78.0,,2.0,,25.0,,24.1,,99.53,,,,,,Cloudy
2015-09-30 02:00:00,2015-09-30 02:00,2015,9,30,02:00,13.8,,10.3,,79.0,,2.0,,23.0,,24.1,,99.54,,,,,,
2015-09-30 03:00:00,2015-09-30 03:00,2015,9,30,03:00,13.4,,9.7,,78.0,,2.0,,23.0,,24.1,,99.53,,,,,,
2015-09-30 04:00:00,2015-09-30 04:00,2015,9,30,04:00,13.1,,9.6,,79.0,,36.0,,25.0,,24.1,,99.53,,,,,,Cloudy
2015-09-30 05:00:00,2015-09-30 05:00,2015,9,30,05:00,12.4,,7.9,,74.0,,1.0,,31.0,,24.1,,99.54,,,,,,
2015-09-30 06:00:00,2015-09-30 06:00,2015,9,30,06:00,11.6,,7.7,,77.0,,36.0,,28.0,,24.1,,99.62,,,,,,
2015-09-30 07:00:00,2015-09-30 07:00,2015,9,30,07:00,11.4,,7.9,,79.0,,35.0,,23.0,,24.1,,99.68,,,,,,Mostly Cloudy
2015-09-30 08:00:00,2015-09-30 08:00,2015,9,30,08:00,11.4,,7.4,,76.0,,36.0,,32.0,,24.1,,99.76,,,,,,
2015-09-30 09:00:00,2015-09-30 09:00,2015,9,30,09:00,12.8,,6.9,,67.0,,1.0,,30.0,,24.1,,99.82,,,,,,
2015-09-30 10:00:00,2015-09-30 10:00,2015,9,30,10:00,13.8,,5.5,,57.0,,2.0,,30.0,,24.1,,99.88,,,,,,Mostly Cloudy
2015-09-30 11:00:00,2015-09-30 11:00,2015,9,30,11:00,15.3,,5.9,,53.0,,2.0,,25.0,,24.1,,99.89,,,,,,
2015-09-30 12:00:00,2015-09-30 12:00,2015,9,30,12:00,15.8,,6.1,,52.0,,3.0,,26.0,,24.1,,99.91,,,,,,
2015-09-30 13:00:00,2015-09-30 13:00,2015,9,30,13:00,16.8,,6.4,,50.0,,3.0,,25.0,,24.1,,99.92,,,,,,Mostly Cloudy
2015-09-30 14:00:00,2015-09-30 14:00,2015,9,30,14:00,17.3,,6.9,,50.0,,1.0,,24.0,,24.1,,99.93,,,,,,
2015-09-30 15:00:00,2015-09-30 15:00,2015,9,30,15:00,16.9,,5.3,,46.0,,2.0,,25.0,,24.1,,99.96,,,,,,
2015-09-30 16:00:00,2015-09-30 16:00,2015,9,30,16:00,16.2,,4.0,,44.0,,2.0,,27.0,,24.1,,100.02,,,,,,Mostly Cloudy
2015-09-30 17:00:00,2015-09-30 17:00,2015,9,30,17:00,15.1,,2.7,,43.0,,1.0,,30.0,,24.1,,100.05,,,,,,
2015-09-30 18:00:00,2015-09-30 18:00,2015,9,30,18:00,13.8,,0.9,,41.0,,3.0,,27.0,,24.1,,100.11,,,,,,
2015-09-30 19:00:00,2015-09-30 19:00,2015,9,30,19:00,12.7,,1.1,,45.0,,3.0,,23.0,,24.1,,100.16,,,,,,Mainly Clear
2015-09-30 20:00:00,2015-09-30 20:00,2015,9,30,20:00,12.0,,1.4,,48.0,,3.0,,22.0,,24.1,,100.24,,,,,,
2015-09-30 21:00:00,2015-09-30 21:00,2015,9,30,21:00,11.0,,1.6,,52.0,,3.0,,24.0,,24.1,,100.31,,,,,,
2015-09-30 22:00:00,2015-09-30 22:00,2015,9,30,22:00,10.2,,1.6,,55.0,,4.0,,25.0,,24.1,,100.38,,,,,,Mainly Clear
2015-09-30 23:00:00,2015-09-30 23:00,2015,9,30,23:00,9.4,,1.1,,56.0,,4.0,,22.0,,24.1,,100.39,,,,,,
